Index	Cell_type	source_cell_id
AAACCTGAGTGTACGG-1	Epithelial	P9_Tumor_AAACCTGAGTGTACGG
AAACCTGCAGCTATTG-1	CLEC9A	P9_Tumor_AAACCTGCAGCTATTG
AAACCTGCATCCGGGT-1	Mac	P9_Tumor_AAACCTGCATCCGGGT
AAACCTGTCGGAAACG-1	Epithelial	P9_Tumor_AAACCTGTCGGAAACG
AAACGGGAGTGTCCCG-1	CD1C	P9_Tumor_AAACGGGAGTGTCCCG
AAAGCAAAGATCGATA-1	CLEC9A	P9_Tumor_AAAGCAAAGATCGATA
AAAGTAGCACCATGTA-1	Epithelial	P9_Tumor_AAAGTAGCACCATGTA
AAAGTAGTCTGGGCCA-1	Epithelial	P9_Tumor_AAAGTAGTCTGGGCCA
AAATGCCCAGCTGGCT-1	Mac	P9_Tumor_AAATGCCCAGCTGGCT
AAATGCCGTCTTCGTC-1	CD1C	P9_Tumor_AAATGCCGTCTTCGTC
AAATGCCTCCGCATAA-1	Mac	P9_Tumor_AAATGCCTCCGCATAA
AACACGTCATTATCTC-1	Epithelial	P9_Tumor_AACACGTCATTATCTC
AACCATGAGCAGGTCA-1	Epithelial	P9_Tumor_AACCATGAGCAGGTCA
AACCATGCACTCTGTC-1	CLEC9A	P9_Tumor_AACCATGCACTCTGTC
AACCATGTCACAACGT-1	Epithelial	P9_Tumor_AACCATGTCACAACGT
AACCGCGCACTGTCGG-1	Epithelial	P9_Tumor_AACCGCGCACTGTCGG
AACGTTGAGCATCATC-1	CLEC9A	P9_Tumor_AACGTTGAGCATCATC
AACGTTGCACAGGTTT-1	Mac	P9_Tumor_AACGTTGCACAGGTTT
AACGTTGTCAACGCTA-1	CD1C	P9_Tumor_AACGTTGTCAACGCTA
AACGTTGTCATTATCC-1	Epithelial	P9_Tumor_AACGTTGTCATTATCC
AACTCCCCAGGCAGTA-1	ASDC	P9_Tumor_AACTCCCCAGGCAGTA
AACTCCCGTAAACGCG-1	CD1C	P9_Tumor_AACTCCCGTAAACGCG
AACTCCCGTATAATGG-1	CD1C	P9_Tumor_AACTCCCGTATAATGG
AACTCCCTCGGACAAG-1	Tcell	P9_Tumor_AACTCCCTCGGACAAG
AACTCTTAGGGCTTGA-1	CD1C	P9_Tumor_AACTCTTAGGGCTTGA
AACTCTTAGTGACTCT-1	CLEC9A	P9_Tumor_AACTCTTAGTGACTCT
AACTCTTCATTGGGCC-1	CD1C	P9_Tumor_AACTCTTCATTGGGCC
AACTCTTTCCTTGACC-1	ASDC	P9_Tumor_AACTCTTTCCTTGACC
AACTCTTTCGACCAGC-1	CD1C	P9_Tumor_AACTCTTTCGACCAGC
AACTGGTAGCACCGTC-1	CLEC9A	P9_Tumor_AACTGGTAGCACCGTC
AACTGGTCAGTCCTTC-1	ASDC	P9_Tumor_AACTGGTCAGTCCTTC
AACTGGTTCCCTAATT-1	Mac	P9_Tumor_AACTGGTTCCCTAATT
AACTTTCCAACACGCC-1	CLEC9A	P9_Tumor_AACTTTCCAACACGCC
AAGACCTAGCAATATG-1	Multiplet	P9_Tumor_AAGACCTAGCAATATG
AAGACCTAGGATGGTC-1	Mac	P9_Tumor_AAGACCTAGGATGGTC
AAGCCGCAGTCGAGTG-1	Mac	P9_Tumor_AAGCCGCAGTCGAGTG
AAGCCGCGTCTTTCAT-1	Mac	P9_Tumor_AAGCCGCGTCTTTCAT
AAGCCGCTCGAATGCT-1	Multiplet	P9_Tumor_AAGCCGCTCGAATGCT
AAGCCGCTCTTTAGGG-1	Mac	P9_Tumor_AAGCCGCTCTTTAGGG
AAGGCAGAGAACAACT-1	Epithelial	P9_Tumor_AAGGCAGAGAACAACT
AAGGTTCTCTCGTTTA-1	Mac	P9_Tumor_AAGGTTCTCTCGTTTA
AAGTCTGTCTACTCAT-1	Epithelial	P9_Tumor_AAGTCTGTCTACTCAT
ACACCCTCAAGACGTG-1	Epithelial	P9_Tumor_ACACCCTCAAGACGTG
ACACCCTCACCAGGCT-1	CD1C	P9_Tumor_ACACCCTCACCAGGCT
ACACCGGGTGTAACGG-1	PDC	P9_Tumor_ACACCGGGTGTAACGG
ACAGCCGGTTCGGGCT-1	CD1C	P9_Tumor_ACAGCCGGTTCGGGCT
ACAGCCGTCAATCTCT-1	CLEC9A	P9_Tumor_ACAGCCGTCAATCTCT
ACAGCCGTCGGTTCGG-1	Epithelial	P9_Tumor_ACAGCCGTCGGTTCGG
ACAGCTATCTGTACGA-1	Epithelial	P9_Tumor_ACAGCTATCTGTACGA
ACATACGCACCGATAT-1	MDSC	P9_Tumor_ACATACGCACCGATAT
ACATACGTCTATCGCC-1	ASDC	P9_Tumor_ACATACGTCTATCGCC
ACATCAGGTTACTGAC-1	ASDC	P9_Tumor_ACATCAGGTTACTGAC
ACATCAGTCGAACGGA-1	CLEC9A	P9_Tumor_ACATCAGTCGAACGGA
ACATCAGTCGTTTGCC-1	CD1C	P9_Tumor_ACATCAGTCGTTTGCC
ACCAGTACACCGGAAA-1	Epithelial	P9_Tumor_ACCAGTACACCGGAAA
ACCAGTATCACCGGGT-1	ASDC	P9_Tumor_ACCAGTATCACCGGGT
ACCAGTATCCTGTACC-1	CD1C	P9_Tumor_ACCAGTATCCTGTACC
ACCCACTCAGCTGCTG-1	Epithelial	P9_Tumor_ACCCACTCAGCTGCTG
ACCCACTTCTTTAGTC-1	Tcell	P9_Tumor_ACCCACTTCTTTAGTC
ACCTTTACACTACAGT-1	MDSC	P9_Tumor_ACCTTTACACTACAGT
ACCTTTAGTGAGGGTT-1	Epithelial	P9_Tumor_ACCTTTAGTGAGGGTT
ACCTTTAGTTGCTCCT-1	Tcell	P9_Tumor_ACCTTTAGTTGCTCCT
ACGAGCCTCATTCACT-1	ASDC	P9_Tumor_ACGAGCCTCATTCACT
ACGAGGACAGGTGCCT-1	CLEC9A	P9_Tumor_ACGAGGACAGGTGCCT
ACGATACGTTCACCTC-1	CD1C	P9_Tumor_ACGATACGTTCACCTC
ACGATACTCTGGTTCC-1	Epithelial	P9_Tumor_ACGATACTCTGGTTCC
ACGATGTAGTAGGCCA-1	Epithelial	P9_Tumor_ACGATGTAGTAGGCCA
ACGCAGCTCTCCGGTT-1	Mac	P9_Tumor_ACGCAGCTCTCCGGTT
ACGCCGAAGATCCCGC-1	LC	P9_Tumor_ACGCCGAAGATCCCGC
ACGCCGAAGCCAACAG-1	CD1C	P9_Tumor_ACGCCGAAGCCAACAG
ACGCCGAAGGCATGGT-1	CD1C	P9_Tumor_ACGCCGAAGGCATGGT
ACGCCGAAGGCCATAG-1	Mac	P9_Tumor_ACGCCGAAGGCCATAG
ACGCCGAAGTAACCCT-1	CD1C	P9_Tumor_ACGCCGAAGTAACCCT
ACGCCGACAAAGAATC-1	Epithelial	P9_Tumor_ACGCCGACAAAGAATC
ACGCCGACAACAACCT-1	CD1C	P9_Tumor_ACGCCGACAACAACCT
ACGCCGACACGCATCG-1	ASDC	P9_Tumor_ACGCCGACACGCATCG
ACGCCGACAGACAAGC-1	CD1C	P9_Tumor_ACGCCGACAGACAAGC
ACGCCGAGTACCGAGA-1	Mac	P9_Tumor_ACGCCGAGTACCGAGA
ACGCCGATCATTGCCC-1	CD1C	P9_Tumor_ACGCCGATCATTGCCC
ACGGAGATCCGAAGAG-1	Epithelial	P9_Tumor_ACGGAGATCCGAAGAG
ACGGCCAAGTCATCCA-1	Epithelial	P9_Tumor_ACGGCCAAGTCATCCA
ACGGCCAGTACTCGCG-1	CD1C	P9_Tumor_ACGGCCAGTACTCGCG
ACGGCCATCCCTAATT-1	Tcell	P9_Tumor_ACGGCCATCCCTAATT
ACGGGCTCATGCGCAC-1	Epithelial	P9_Tumor_ACGGGCTCATGCGCAC
ACTGCTCAGCTAGTGG-1	Mac	P9_Tumor_ACTGCTCAGCTAGTGG
ACTGCTCCACATTAGC-1	LC	P9_Tumor_ACTGCTCCACATTAGC
ACTGCTCGTCGATTGT-1	Mac	P9_Tumor_ACTGCTCGTCGATTGT
ACTGCTCTCAACTCTT-1	CD1C	P9_Tumor_ACTGCTCTCAACTCTT
ACTGTCCAGTAGGTGC-1	Mac	P9_Tumor_ACTGTCCAGTAGGTGC
ACTGTCCTCGTCTGCT-1	Tcell	P9_Tumor_ACTGTCCTCGTCTGCT
ACTTGTTAGATGTCGG-1	Tcell	P9_Tumor_ACTTGTTAGATGTCGG
ACTTGTTAGCAATATG-1	CD1C	P9_Tumor_ACTTGTTAGCAATATG
ACTTGTTCATCGGTTA-1	ASDC	P9_Tumor_ACTTGTTCATCGGTTA
ACTTGTTCATTACCTT-1	Mac	P9_Tumor_ACTTGTTCATTACCTT
ACTTTCAAGACAATAC-1	CD1C	P9_Tumor_ACTTTCAAGACAATAC
ACTTTCAAGTGCTGCC-1	CLEC9A	P9_Tumor_ACTTTCAAGTGCTGCC
ACTTTCAAGTGGAGAA-1	CLEC9A	P9_Tumor_ACTTTCAAGTGGAGAA
ACTTTCACAACTTGAC-1	LC	P9_Tumor_ACTTTCACAACTTGAC
ACTTTCACACCACCAG-1	Tcell	P9_Tumor_ACTTTCACACCACCAG
ACTTTCAGTTCCACAA-1	Epithelial	P9_Tumor_ACTTTCAGTTCCACAA
ACTTTCATCATAACCG-1	Epithelial	P9_Tumor_ACTTTCATCATAACCG
AGACGTTCAACGCACC-1	Tcell	P9_Tumor_AGACGTTCAACGCACC
AGACGTTGTAGCGTCC-1	CLEC9A	P9_Tumor_AGACGTTGTAGCGTCC
AGAGCTTGTAGCGTCC-1	Mac	P9_Tumor_AGAGCTTGTAGCGTCC
AGAGCTTGTTGTCTTT-1	CD1C	P9_Tumor_AGAGCTTGTTGTCTTT
AGAGCTTTCTTGTACT-1	Tcell	P9_Tumor_AGAGCTTTCTTGTACT
AGAGTGGCATGCGCAC-1	Melanocyte	P9_Tumor_AGAGTGGCATGCGCAC
AGATCTGAGTCCATAC-1	Mac	P9_Tumor_AGATCTGAGTCCATAC
AGATCTGCACACTGCG-1	Mac	P9_Tumor_AGATCTGCACACTGCG
AGATCTGCAGATCCAT-1	Epithelial	P9_Tumor_AGATCTGCAGATCCAT
AGATCTGGTAACGCGA-1	CD1C	P9_Tumor_AGATCTGGTAACGCGA
AGATCTGGTCCAACTA-1	Tcell	P9_Tumor_AGATCTGGTCCAACTA
AGATTGCCACTGAAGG-1	Mac	P9_Tumor_AGATTGCCACTGAAGG
AGATTGCTCGTGGACC-1	Mac	P9_Tumor_AGATTGCTCGTGGACC
AGATTGCTCTTACCTA-1	Tcell	P9_Tumor_AGATTGCTCTTACCTA
AGATTGCTCTTTCCTC-1	Mac	P9_Tumor_AGATTGCTCTTTCCTC
AGCAGCCCAGCATGAG-1	CD1C	P9_Tumor_AGCAGCCCAGCATGAG
AGCAGCCGTGTCTGAT-1	Multiplet	P9_Tumor_AGCAGCCGTGTCTGAT
AGCAGCCTCAGTTTGG-1	Epithelial	P9_Tumor_AGCAGCCTCAGTTTGG
AGCAGCCTCGGTGTTA-1	Mac	P9_Tumor_AGCAGCCTCGGTGTTA
AGCATACCATGCCACG-1	Mac	P9_Tumor_AGCATACCATGCCACG
AGCATACGTTACGACT-1	CD1C	P9_Tumor_AGCATACGTTACGACT
AGCATACTCCCTTGCA-1	Tcell	P9_Tumor_AGCATACTCCCTTGCA
AGCCTAACACATTTCT-1	Epithelial	P9_Tumor_AGCCTAACACATTTCT
AGCGGTCCAGACGTAG-1	CD1C	P9_Tumor_AGCGGTCCAGACGTAG
AGCGTCGCAATCTACG-1	Epithelial	P9_Tumor_AGCGTCGCAATCTACG
AGCGTCGTCAGGCCCA-1	Epithelial	P9_Tumor_AGCGTCGTCAGGCCCA
AGCTCCTAGTGCCATT-1	CD1C	P9_Tumor_AGCTCCTAGTGCCATT
AGCTCCTCACAGGTTT-1	Tcell	P9_Tumor_AGCTCCTCACAGGTTT
AGCTCCTGTTACGTCA-1	Epithelial	P9_Tumor_AGCTCCTGTTACGTCA
AGCTCCTTCAGCTCGG-1	CD1C	P9_Tumor_AGCTCCTTCAGCTCGG
AGCTCCTTCTCACATT-1	Mac	P9_Tumor_AGCTCCTTCTCACATT
AGCTCTCAGTCCATAC-1	Mac	P9_Tumor_AGCTCTCAGTCCATAC
AGCTCTCGTGTTCTTT-1	CD1C	P9_Tumor_AGCTCTCGTGTTCTTT
AGCTCTCTCCGCGTTT-1	CLEC9A	P9_Tumor_AGCTCTCTCCGCGTTT
AGCTCTCTCGGTTCGG-1	Epithelial	P9_Tumor_AGCTCTCTCGGTTCGG
AGCTTGACACCACCAG-1	CD1C	P9_Tumor_AGCTTGACACCACCAG
AGCTTGACAGCTTAAC-1	Mac	P9_Tumor_AGCTTGACAGCTTAAC
AGCTTGAGTCAATACC-1	CD1C	P9_Tumor_AGCTTGAGTCAATACC
AGCTTGAGTGACGCCT-1	Epithelial	P9_Tumor_AGCTTGAGTGACGCCT
AGCTTGAGTGATGTCT-1	ASDC	P9_Tumor_AGCTTGAGTGATGTCT
AGGCCACAGATGGCGT-1	Mac	P9_Tumor_AGGCCACAGATGGCGT
AGGCCACTCCTCATTA-1	CD1C	P9_Tumor_AGGCCACTCCTCATTA
AGGCCGTCAGACGTAG-1	CD1C	P9_Tumor_AGGCCGTCAGACGTAG
AGGCCGTTCGTTGCCT-1	LC	P9_Tumor_AGGCCGTTCGTTGCCT
AGGTCATTCGAGCCCA-1	Mac	P9_Tumor_AGGTCATTCGAGCCCA
AGGTCCGAGTGGTCCC-1	CD1C	P9_Tumor_AGGTCCGAGTGGTCCC
AGTCTTTAGAGCTGCA-1	Mac	P9_Tumor_AGTCTTTAGAGCTGCA
AGTCTTTAGATTACCC-1	LC	P9_Tumor_AGTCTTTAGATTACCC
AGTCTTTAGTGTTAGA-1	CLEC9A	P9_Tumor_AGTCTTTAGTGTTAGA
AGTCTTTCACGAGAGT-1	CD1C	P9_Tumor_AGTCTTTCACGAGAGT
AGTCTTTCACGCTTTC-1	CD1C	P9_Tumor_AGTCTTTCACGCTTTC
AGTCTTTCAGCTTAAC-1	Epithelial	P9_Tumor_AGTCTTTCAGCTTAAC
AGTCTTTCATCAGTAC-1	CLEC9A	P9_Tumor_AGTCTTTCATCAGTAC
AGTCTTTCATCGATGT-1	LC	P9_Tumor_AGTCTTTCATCGATGT
AGTCTTTGTATTACCG-1	CD1C	P9_Tumor_AGTCTTTGTATTACCG
AGTGAGGCACATAACC-1	Epithelial	P9_Tumor_AGTGAGGCACATAACC
AGTGGGACATGTCCTC-1	CD1C	P9_Tumor_AGTGGGACATGTCCTC
AGTGTCATCACTCTTA-1	CD1C	P9_Tumor_AGTGTCATCACTCTTA
AGTTGGTAGCTCCTTC-1	Fibroblast	P9_Tumor_AGTTGGTAGCTCCTTC
AGTTGGTCAAGTTCTG-1	CD1C	P9_Tumor_AGTTGGTCAAGTTCTG
AGTTGGTGTTTAGCTG-1	CD1C	P9_Tumor_AGTTGGTGTTTAGCTG
AGTTGGTTCCAAATGC-1	CD1C	P9_Tumor_AGTTGGTTCCAAATGC
AGTTGGTTCCACGAAT-1	Tcell	P9_Tumor_AGTTGGTTCCACGAAT
ATAACGCAGAGGTACC-1	LC	P9_Tumor_ATAACGCAGAGGTACC
ATAACGCCACCAGCAC-1	Fibroblast	P9_Tumor_ATAACGCCACCAGCAC
ATAACGCTCGTAGGAG-1	Mac	P9_Tumor_ATAACGCTCGTAGGAG
ATAAGAGCACCCATTC-1	Epithelial	P9_Tumor_ATAAGAGCACCCATTC
ATAGACCCAACCGCCA-1	LC	P9_Tumor_ATAGACCCAACCGCCA
ATAGACCGTGAGGCTA-1	Epithelial	P9_Tumor_ATAGACCGTGAGGCTA
ATCACGACACATGGGA-1	Epithelial	P9_Tumor_ATCACGACACATGGGA
ATCACGAGTCGCGGTT-1	Mac	P9_Tumor_ATCACGAGTCGCGGTT
ATCATCTAGCCGCCTA-1	LC	P9_Tumor_ATCATCTAGCCGCCTA
ATCATCTAGTCACGCC-1	Mac	P9_Tumor_ATCATCTAGTCACGCC
ATCATGGCAAGTCTGT-1	Mac	P9_Tumor_ATCATGGCAAGTCTGT
ATCATGGCACACATGT-1	CD1C	P9_Tumor_ATCATGGCACACATGT
ATCATGGCACGAAACG-1	Epithelial	P9_Tumor_ATCATGGCACGAAACG
ATCATGGGTAGCTCCG-1	CD1C	P9_Tumor_ATCATGGGTAGCTCCG
ATCATGGTCAACGCTA-1	Epithelial	P9_Tumor_ATCATGGTCAACGCTA
ATCATGGTCGAACTGT-1	Tcell	P9_Tumor_ATCATGGTCGAACTGT
ATCCACCAGAATTGTG-1	Epithelial	P9_Tumor_ATCCACCAGAATTGTG
ATCCACCCAGCTCGAC-1	Mac	P9_Tumor_ATCCACCCAGCTCGAC
ATCCACCGTAGCGTGA-1	ASDC	P9_Tumor_ATCCACCGTAGCGTGA
ATCCACCGTGCAGTAG-1	Mac	P9_Tumor_ATCCACCGTGCAGTAG
ATCCACCTCTGCTGTC-1	ASDC	P9_Tumor_ATCCACCTCTGCTGTC
ATCCGAAAGAGGACGG-1	Mac	P9_Tumor_ATCCGAAAGAGGACGG
ATCCGAACACAAGACG-1	CD1C	P9_Tumor_ATCCGAACACAAGACG
ATCCGAACAGATAATG-1	MDSC	P9_Tumor_ATCCGAACAGATAATG
ATCCGAACAGCGTCCA-1	Epithelial	P9_Tumor_ATCCGAACAGCGTCCA
ATCCGAACAGGAATCG-1	Epithelial	P9_Tumor_ATCCGAACAGGAATCG
ATCGAGTGTCGAGATG-1	Epithelial	P9_Tumor_ATCGAGTGTCGAGATG
ATCTACTAGGGATGGG-1	Epithelial	P9_Tumor_ATCTACTAGGGATGGG
ATCTACTAGGTGTGGT-1	Epithelial	P9_Tumor_ATCTACTAGGTGTGGT
ATCTACTCAACTTGAC-1	Epithelial	P9_Tumor_ATCTACTCAACTTGAC
ATCTACTGTAGTGAAT-1	Epithelial	P9_Tumor_ATCTACTGTAGTGAAT
ATCTACTTCGGCCGAT-1	Endothelial_Cell	P9_Tumor_ATCTACTTCGGCCGAT
ATCTACTTCGTCCGTT-1	ASDC	P9_Tumor_ATCTACTTCGTCCGTT
ATCTGCCAGGACTGGT-1	LC	P9_Tumor_ATCTGCCAGGACTGGT
ATCTGCCAGGGCTTCC-1	B_Cell	P9_Tumor_ATCTGCCAGGGCTTCC
ATCTGCCCACCAGTTA-1	CD1C	P9_Tumor_ATCTGCCCACCAGTTA
ATCTGCCCATAGACTC-1	Tcell	P9_Tumor_ATCTGCCCATAGACTC
ATGCGATAGCGATATA-1	CLEC9A	P9_Tumor_ATGCGATAGCGATATA
ATGCGATAGTCGATAA-1	CD1C	P9_Tumor_ATGCGATAGTCGATAA
ATGCGATCAAGAGTCG-1	Mac	P9_Tumor_ATGCGATCAAGAGTCG
ATGCGATTCCTCATTA-1	Tcell	P9_Tumor_ATGCGATTCCTCATTA
ATGGGAGAGAATCTCC-1	CD1C	P9_Tumor_ATGGGAGAGAATCTCC
ATGTGTGAGTCGTTTG-1	CD1C	P9_Tumor_ATGTGTGAGTCGTTTG
ATGTGTGCAATCAGAA-1	Epithelial	P9_Tumor_ATGTGTGCAATCAGAA
ATGTGTGGTAATCACC-1	Epithelial	P9_Tumor_ATGTGTGGTAATCACC
ATTACTCAGTGTCCCG-1	Mac	P9_Tumor_ATTACTCAGTGTCCCG
ATTACTCGTGTGACCC-1	CD1C	P9_Tumor_ATTACTCGTGTGACCC
ATTACTCTCCCTCAGT-1	Epithelial	P9_Tumor_ATTACTCTCCCTCAGT
ATTATCCAGATATGGT-1	Epithelial	P9_Tumor_ATTATCCAGATATGGT
ATTATCCAGGTGCACA-1	CD1C	P9_Tumor_ATTATCCAGGTGCACA
ATTATCCCACGTCAGC-1	CLEC9A	P9_Tumor_ATTATCCCACGTCAGC
ATTATCCCAGGATCGA-1	Mac	P9_Tumor_ATTATCCCAGGATCGA
ATTATCCGTGCAGTAG-1	Mac	P9_Tumor_ATTATCCGTGCAGTAG
ATTATCCTCCTCCTAG-1	Mac	P9_Tumor_ATTATCCTCCTCCTAG
ATTCTACTCTTCGAGA-1	Epithelial	P9_Tumor_ATTCTACTCTTCGAGA
ATTGGACAGATCCGAG-1	Epithelial	P9_Tumor_ATTGGACAGATCCGAG
ATTGGACAGTTTGCGT-1	Epithelial	P9_Tumor_ATTGGACAGTTTGCGT
ATTGGACCACGAAAGC-1	Epithelial	P9_Tumor_ATTGGACCACGAAAGC
ATTGGACCATGCGCAC-1	Melanocyte	P9_Tumor_ATTGGACCATGCGCAC
ATTGGACGTTAAGATG-1	CLEC9A	P9_Tumor_ATTGGACGTTAAGATG
ATTGGACGTTGGAGGT-1	Epithelial	P9_Tumor_ATTGGACGTTGGAGGT
ATTGGACTCGGAAACG-1	CD1C	P9_Tumor_ATTGGACTCGGAAACG
ATTGGTGAGCACCGTC-1	Epithelial	P9_Tumor_ATTGGTGAGCACCGTC
ATTGGTGCAGTACACT-1	Epithelial	P9_Tumor_ATTGGTGCAGTACACT
ATTGGTGGTGTAAGTA-1	LC	P9_Tumor_ATTGGTGGTGTAAGTA
ATTGGTGTCATAAAGG-1	ASDC	P9_Tumor_ATTGGTGTCATAAAGG
ATTTCTGAGCGTAATA-1	Fibroblast	P9_Tumor_ATTTCTGAGCGTAATA
ATTTCTGAGGAGTACC-1	Epithelial	P9_Tumor_ATTTCTGAGGAGTACC
ATTTCTGCATCGGAAG-1	CD1C	P9_Tumor_ATTTCTGCATCGGAAG
ATTTCTGGTCCATGAT-1	Mac	P9_Tumor_ATTTCTGGTCCATGAT
CAACCAAGTTAGATGA-1	CLEC9A	P9_Tumor_CAACCAAGTTAGATGA
CAACCTCAGCTGCCCA-1	Epithelial	P9_Tumor_CAACCTCAGCTGCCCA
CAACCTCAGTAACCCT-1	CLEC9A	P9_Tumor_CAACCTCAGTAACCCT
CAACCTCAGTAGCCGA-1	Mac	P9_Tumor_CAACCTCAGTAGCCGA
CAACCTCCATCTCCCA-1	Mac	P9_Tumor_CAACCTCCATCTCCCA
CAACCTCGTGCCTTGG-1	Mac	P9_Tumor_CAACCTCGTGCCTTGG
CAACCTCTCTCGTATT-1	CD1C	P9_Tumor_CAACCTCTCTCGTATT
CAAGAAAAGGTCATCT-1	CLEC9A	P9_Tumor_CAAGAAAAGGTCATCT
CAAGAAATCCGTACAA-1	Mac	P9_Tumor_CAAGAAATCCGTACAA
CAAGAAATCGGATGGA-1	Tcell	P9_Tumor_CAAGAAATCGGATGGA
CAAGATCAGAGGGCTT-1	CD1C	P9_Tumor_CAAGATCAGAGGGCTT
CAAGATCAGCTGATAA-1	Mac	P9_Tumor_CAAGATCAGCTGATAA
CAAGATCAGTAGATGT-1	CD1C	P9_Tumor_CAAGATCAGTAGATGT
CAAGATCCAAACCCAT-1	Mac	P9_Tumor_CAAGATCCAAACCCAT
CAAGATCGTACCAGTT-1	Mac	P9_Tumor_CAAGATCGTACCAGTT
CAAGGCCAGCCACTAT-1	Epithelial	P9_Tumor_CAAGGCCAGCCACTAT
CAAGGCCGTCCTGCTT-1	Epithelial	P9_Tumor_CAAGGCCGTCCTGCTT
CAAGGCCGTCTAGCGC-1	CD1C	P9_Tumor_CAAGGCCGTCTAGCGC
CAAGTTGCAGTGACAG-1	Epithelial	P9_Tumor_CAAGTTGCAGTGACAG
CAAGTTGGTCATCCCT-1	Mac	P9_Tumor_CAAGTTGGTCATCCCT
CAAGTTGTCCACGAAT-1	Mac	P9_Tumor_CAAGTTGTCCACGAAT
CACAAACAGCTGCAAG-1	MDSC	P9_Tumor_CACAAACAGCTGCAAG
CACAAACCAAGTCTGT-1	Epithelial	P9_Tumor_CACAAACCAAGTCTGT
CACAAACCACACCGAC-1	Multiplet	P9_Tumor_CACAAACCACACCGAC
CACAAACTCGCGTAGC-1	Tcell	P9_Tumor_CACAAACTCGCGTAGC
CACACAAAGCAGGCTA-1	CLEC9A	P9_Tumor_CACACAAAGCAGGCTA
CACACAACAGCCTTTC-1	CLEC9A	P9_Tumor_CACACAACAGCCTTTC
CACACAAGTCTACCTC-1	CD1C	P9_Tumor_CACACAAGTCTACCTC
CACACCTCAGAGTGTG-1	Mac	P9_Tumor_CACACCTCAGAGTGTG
CACACCTCATCCGGGT-1	ASDC	P9_Tumor_CACACCTCATCCGGGT
CACACCTGTCTCTTAT-1	Epithelial	P9_Tumor_CACACCTGTCTCTTAT
CACACCTTCATATCGG-1	Epithelial	P9_Tumor_CACACCTTCATATCGG
CACACTCGTAATCACC-1	CD1C	P9_Tumor_CACACTCGTAATCACC
CACAGGCAGACAGAGA-1	CD1C	P9_Tumor_CACAGGCAGACAGAGA
CACAGGCAGAGCTGGT-1	CD1C	P9_Tumor_CACAGGCAGAGCTGGT
CACAGGCAGAGTGACC-1	CD1C	P9_Tumor_CACAGGCAGAGTGACC
CACAGGCAGGGTGTTG-1	CD1C	P9_Tumor_CACAGGCAGGGTGTTG
CACAGGCCACACAGAG-1	CLEC9A	P9_Tumor_CACAGGCCACACAGAG
CACAGGCGTACAGCAG-1	Mac	P9_Tumor_CACAGGCGTACAGCAG
CACAGGCTCGAATCCA-1	ASDC	P9_Tumor_CACAGGCTCGAATCCA
CACAGTAAGAGCCTAG-1	ASDC	P9_Tumor_CACAGTAAGAGCCTAG
CACAGTAAGGAATCGC-1	Mac	P9_Tumor_CACAGTAAGGAATCGC
CACAGTAAGTCGATAA-1	Mac	P9_Tumor_CACAGTAAGTCGATAA
CACAGTAGTATCTGCA-1	Tcell	P9_Tumor_CACAGTAGTATCTGCA
CACAGTAGTCGAGATG-1	Tcell	P9_Tumor_CACAGTAGTCGAGATG
CACAGTATCTGCTGTC-1	CD1C	P9_Tumor_CACAGTATCTGCTGTC
CACATAGTCGATAGAA-1	CD1C	P9_Tumor_CACATAGTCGATAGAA
CACATTTCACCTGGTG-1	Epithelial	P9_Tumor_CACATTTCACCTGGTG
CACATTTGTAACGCGA-1	Epithelial	P9_Tumor_CACATTTGTAACGCGA
CACATTTGTGCACCAC-1	Fibroblast	P9_Tumor_CACATTTGTGCACCAC
CACATTTTCAAGGCTT-1	CLEC9A	P9_Tumor_CACATTTTCAAGGCTT
CACATTTTCACAGTAC-1	Mac	P9_Tumor_CACATTTTCACAGTAC
CACATTTTCCGTAGGC-1	Mac	P9_Tumor_CACATTTTCCGTAGGC
CACATTTTCGTTACAG-1	Tcell	P9_Tumor_CACATTTTCGTTACAG
CACCACTAGACTAGAT-1	Mac	P9_Tumor_CACCACTAGACTAGAT
CACCACTAGATATACG-1	MDSC	P9_Tumor_CACCACTAGATATACG
CACCACTAGTGCGATG-1	Tcell	P9_Tumor_CACCACTAGTGCGATG
CACCACTCATTGGTAC-1	Tcell	P9_Tumor_CACCACTCATTGGTAC
CACCAGGAGGATATAC-1	Epithelial	P9_Tumor_CACCAGGAGGATATAC
CACCAGGCACAGACTT-1	Mac	P9_Tumor_CACCAGGCACAGACTT
CACCAGGGTGCAACTT-1	Tcell	P9_Tumor_CACCAGGGTGCAACTT
CACCAGGTCACGAAGG-1	Epithelial	P9_Tumor_CACCAGGTCACGAAGG
CACCTTGAGCTAGTTC-1	CLEC9A	P9_Tumor_CACCTTGAGCTAGTTC
CACCTTGCATGCTAGT-1	Epithelial	P9_Tumor_CACCTTGCATGCTAGT
CACCTTGGTTATCCGA-1	Mac	P9_Tumor_CACCTTGGTTATCCGA
CACCTTGGTTCAGCGC-1	Mac	P9_Tumor_CACCTTGGTTCAGCGC
CACCTTGGTTTGGGCC-1	ASDC	P9_Tumor_CACCTTGGTTTGGGCC
CACCTTGTCCGCAGTG-1	Epithelial	P9_Tumor_CACCTTGTCCGCAGTG
CACCTTGTCGTTACAG-1	Epithelial	P9_Tumor_CACCTTGTCGTTACAG
CACCTTGTCTTCGGTC-1	Mac	P9_Tumor_CACCTTGTCTTCGGTC
CACTCCAAGCACAGGT-1	NK	P9_Tumor_CACTCCAAGCACAGGT
CACTCCAAGCGTCAAG-1	LC	P9_Tumor_CACTCCAAGCGTCAAG
CACTCCACATCTACGA-1	Mac	P9_Tumor_CACTCCACATCTACGA
CACTCCAGTAATTGGA-1	CLEC9A	P9_Tumor_CACTCCAGTAATTGGA
CACTCCAGTCATCCCT-1	Epithelial	P9_Tumor_CACTCCAGTCATCCCT
CACTCCAGTGGTACAG-1	CLEC9A	P9_Tumor_CACTCCAGTGGTACAG
CACTCCATCTTGAGGT-1	Epithelial	P9_Tumor_CACTCCATCTTGAGGT
CAGAATCAGATGTAAC-1	Epithelial	P9_Tumor_CAGAATCAGATGTAAC
CAGAATCGTATTCGTG-1	CD1C	P9_Tumor_CAGAATCGTATTCGTG
CAGAGAGAGTAATCCC-1	Epithelial	P9_Tumor_CAGAGAGAGTAATCCC
CAGAGAGCACCCTATC-1	Tcell	P9_Tumor_CAGAGAGCACCCTATC
CAGAGAGGTGACGCCT-1	LC	P9_Tumor_CAGAGAGGTGACGCCT
CAGATCACAAAGTGCG-1	CLEC9A	P9_Tumor_CAGATCACAAAGTGCG
CAGATCACACGAAAGC-1	CD1C	P9_Tumor_CAGATCACACGAAAGC
CAGATCACATTCTTAC-1	Epithelial	P9_Tumor_CAGATCACATTCTTAC
CAGATCAGTGCAGGTA-1	Mac	P9_Tumor_CAGATCAGTGCAGGTA
CAGCAGCAGTAGATGT-1	Mac	P9_Tumor_CAGCAGCAGTAGATGT
CAGCAGCTCAGTGCAT-1	Epithelial	P9_Tumor_CAGCAGCTCAGTGCAT
CAGCAGCTCTTACCGC-1	ASDC	P9_Tumor_CAGCAGCTCTTACCGC
CAGCATAAGTCTCCTC-1	Mac	P9_Tumor_CAGCATAAGTCTCCTC
CAGCATAGTTGCCTCT-1	Epithelial	P9_Tumor_CAGCATAGTTGCCTCT
CAGCCGAAGAGCTATA-1	CD1C	P9_Tumor_CAGCCGAAGAGCTATA
CAGCCGAAGCACAGGT-1	Mac	P9_Tumor_CAGCCGAAGCACAGGT
CAGCCGACAAACGTGG-1	Epithelial	P9_Tumor_CAGCCGACAAACGTGG
CAGCCGACACAAGCCC-1	LC	P9_Tumor_CAGCCGACACAAGCCC
CAGCGACAGACATAAC-1	Epithelial	P9_Tumor_CAGCGACAGACATAAC
CAGCGACAGACCTAGG-1	Mac	P9_Tumor_CAGCGACAGACCTAGG
CAGCGACCACATGACT-1	CLEC9A	P9_Tumor_CAGCGACCACATGACT
CAGCGACCAGAAGCAC-1	Mac	P9_Tumor_CAGCGACCAGAAGCAC
CAGCGACCAGATAATG-1	Mac	P9_Tumor_CAGCGACCAGATAATG
CAGCGACCAGCCAGAA-1	CD1C	P9_Tumor_CAGCGACCAGCCAGAA
CAGCGACTCTTGCCGT-1	Mac	P9_Tumor_CAGCGACTCTTGCCGT
CAGCTAAAGGTGCTTT-1	CD1C	P9_Tumor_CAGCTAAAGGTGCTTT
CAGCTAAGTGCACCAC-1	CLEC9A	P9_Tumor_CAGCTAAGTGCACCAC
CAGCTAAGTGCCTGCA-1	CD1C	P9_Tumor_CAGCTAAGTGCCTGCA
CAGCTAAGTTCCGTCT-1	Mac	P9_Tumor_CAGCTAAGTTCCGTCT
CAGCTGGAGTGGACGT-1	CD1C	P9_Tumor_CAGCTGGAGTGGACGT
CAGCTGGGTACATGTC-1	Tcell	P9_Tumor_CAGCTGGGTACATGTC
CAGCTGGGTACCGGCT-1	Tcell	P9_Tumor_CAGCTGGGTACCGGCT
CAGCTGGGTCGCTTTC-1	Tcell	P9_Tumor_CAGCTGGGTCGCTTTC
CAGCTGGGTGTGACCC-1	Mac	P9_Tumor_CAGCTGGGTGTGACCC
CAGCTGGGTTCCAACA-1	Mac	P9_Tumor_CAGCTGGGTTCCAACA
CAGCTGGTCAGGTTCA-1	CLEC9A	P9_Tumor_CAGCTGGTCAGGTTCA
CAGGTGCAGGACCACA-1	Mac	P9_Tumor_CAGGTGCAGGACCACA
CAGGTGCGTTGATTGC-1	Mac	P9_Tumor_CAGGTGCGTTGATTGC
CAGGTGCTCGAATGGG-1	CLEC9A	P9_Tumor_CAGGTGCTCGAATGGG
CAGTAACAGACATAAC-1	CD1C	P9_Tumor_CAGTAACAGACATAAC
CAGTAACCATGCTAGT-1	CD1C	P9_Tumor_CAGTAACCATGCTAGT
CAGTAACTCACTCCTG-1	Tcell	P9_Tumor_CAGTAACTCACTCCTG
CAGTCCTAGAAGGGTA-1	Epithelial	P9_Tumor_CAGTCCTAGAAGGGTA
CAGTCCTCATGCATGT-1	Epithelial	P9_Tumor_CAGTCCTCATGCATGT
CAGTCCTGTACACCGC-1	LC	P9_Tumor_CAGTCCTGTACACCGC
CAGTCCTGTCGCATCG-1	Mac	P9_Tumor_CAGTCCTGTCGCATCG
CAGTCCTTCAGAGCTT-1	Mac	P9_Tumor_CAGTCCTTCAGAGCTT
CAGTCCTTCCAAACAC-1	CLEC9A	P9_Tumor_CAGTCCTTCCAAACAC
CAGTCCTTCCGGGTGT-1	ASDC	P9_Tumor_CAGTCCTTCCGGGTGT
CATATGGCACCAGGTC-1	Mac	P9_Tumor_CATATGGCACCAGGTC
CATATGGCACGTCTCT-1	Mac	P9_Tumor_CATATGGCACGTCTCT
CATATGGCAGGATCGA-1	CD1C	P9_Tumor_CATATGGCAGGATCGA
CATATGGCATCCAACA-1	ASDC	P9_Tumor_CATATGGCATCCAACA
CATATGGTCCCTAACC-1	ASDC	P9_Tumor_CATATGGTCCCTAACC
CATATGGTCTGTTGAG-1	CD1C	P9_Tumor_CATATGGTCTGTTGAG
CATATTCAGTGAACAT-1	B_Cell	P9_Tumor_CATATTCAGTGAACAT
CATATTCCACCGATAT-1	ASDC	P9_Tumor_CATATTCCACCGATAT
CATATTCGTATATGGA-1	CD1C	P9_Tumor_CATATTCGTATATGGA
CATATTCTCACAAACC-1	Mac	P9_Tumor_CATATTCTCACAAACC
CATCAAGAGCGATTCT-1	Mac	P9_Tumor_CATCAAGAGCGATTCT
CATCAAGAGGGCTCTC-1	Multiplet	P9_Tumor_CATCAAGAGGGCTCTC
CATCAAGTCAGTTTGG-1	CD1C	P9_Tumor_CATCAAGTCAGTTTGG
CATCAAGTCCCGACTT-1	Epithelial	P9_Tumor_CATCAAGTCCCGACTT
CATCAGACACTATCTT-1	Mac	P9_Tumor_CATCAGACACTATCTT
CATCAGACAGACAAAT-1	Mac	P9_Tumor_CATCAGACAGACAAAT
CATCAGATCAGCTCTC-1	CD1C	P9_Tumor_CATCAGATCAGCTCTC
CATCAGATCCCTTGCA-1	Mac	P9_Tumor_CATCAGATCCCTTGCA
CATCCACAGTGTACTC-1	Endothelial_Cell	P9_Tumor_CATCCACAGTGTACTC
CATCCACGTCTTGCGG-1	Mac	P9_Tumor_CATCCACGTCTTGCGG
CATCCACTCCTACAGA-1	ASDC	P9_Tumor_CATCCACTCCTACAGA
CATCGAAAGAGCTGCA-1	Mac	P9_Tumor_CATCGAAAGAGCTGCA
CATCGAAAGATAGGAG-1	Epithelial	P9_Tumor_CATCGAAAGATAGGAG
CATCGGGAGATAGCAT-1	NK	P9_Tumor_CATCGGGAGATAGCAT
CATCGGGAGCTGAACG-1	Mac	P9_Tumor_CATCGGGAGCTGAACG
CATCGGGAGTGCTGCC-1	Epithelial	P9_Tumor_CATCGGGAGTGCTGCC
CATCGGGCAGTGAGTG-1	Epithelial	P9_Tumor_CATCGGGCAGTGAGTG
CATCGGGCATCCGGGT-1	Mac	P9_Tumor_CATCGGGCATCCGGGT
CATCGGGCATGAAGTA-1	ASDC	P9_Tumor_CATCGGGCATGAAGTA
CATCGGGGTTGTACAC-1	CD1C	P9_Tumor_CATCGGGGTTGTACAC
CATCGGGTCTTAACCT-1	Epithelial	P9_Tumor_CATCGGGTCTTAACCT
CATGACAAGATCCCAT-1	Mac	P9_Tumor_CATGACAAGATCCCAT
CATGACAAGGCGACAT-1	Mac	P9_Tumor_CATGACAAGGCGACAT
CATGCCTAGACCCACC-1	CD1C	P9_Tumor_CATGCCTAGACCCACC
CATGCCTAGCGACGTA-1	Epithelial	P9_Tumor_CATGCCTAGCGACGTA
CATGCCTCAAGCCGCT-1	Mac	P9_Tumor_CATGCCTCAAGCCGCT
CATGCCTTCACATACG-1	Mac	P9_Tumor_CATGCCTTCACATACG
CATGCCTTCAGTTAGC-1	Mac	P9_Tumor_CATGCCTTCAGTTAGC
CATGCCTTCCAATGGT-1	Mac	P9_Tumor_CATGCCTTCCAATGGT
CATGGCGCAAACGCGA-1	CD1C	P9_Tumor_CATGGCGCAAACGCGA
CATGGCGTCCGTACAA-1	CD1C	P9_Tumor_CATGGCGTCCGTACAA
CATTATCAGAGTTGGC-1	Mac	P9_Tumor_CATTATCAGAGTTGGC
CATTATCCAGGTGCCT-1	Epithelial	P9_Tumor_CATTATCCAGGTGCCT
CATTCGCGTCTTCTCG-1	ASDC	P9_Tumor_CATTCGCGTCTTCTCG
CATTCGCGTGCATCTA-1	Mac	P9_Tumor_CATTCGCGTGCATCTA
CATTCGCGTTATGTGC-1	ASDC	P9_Tumor_CATTCGCGTTATGTGC
CCAATCCAGGGATGGG-1	Epithelial	P9_Tumor_CCAATCCAGGGATGGG
CCAATCCAGTACGATA-1	Tcell	P9_Tumor_CCAATCCAGTACGATA
CCAATCCCATCACAAC-1	Epithelial	P9_Tumor_CCAATCCCATCACAAC
CCAATCCCATTCCTCG-1	CD1C	P9_Tumor_CCAATCCCATTCCTCG
CCAATCCGTATGGTTC-1	LC	P9_Tumor_CCAATCCGTATGGTTC
CCAATCCGTTCCCTTG-1	Mac	P9_Tumor_CCAATCCGTTCCCTTG
CCAATCCTCCGTCATC-1	Mac	P9_Tumor_CCAATCCTCCGTCATC
CCAATCCTCGAACTGT-1	MDSC	P9_Tumor_CCAATCCTCGAACTGT
CCAATCCTCGCGATCG-1	Tcell	P9_Tumor_CCAATCCTCGCGATCG
CCACCTAGTGTGTGCC-1	CD1C	P9_Tumor_CCACCTAGTGTGTGCC
CCACGGAAGCCTTGAT-1	Epithelial	P9_Tumor_CCACGGAAGCCTTGAT
CCACGGAAGGCAAAGA-1	Mac	P9_Tumor_CCACGGAAGGCAAAGA
CCACGGAGTCGAAAGC-1	CLEC9A	P9_Tumor_CCACGGAGTCGAAAGC
CCACTACAGCAAATCA-1	CLEC9A	P9_Tumor_CCACTACAGCAAATCA
CCACTACAGTACATGA-1	Mac	P9_Tumor_CCACTACAGTACATGA
CCACTACAGTAGGCCA-1	Epithelial	P9_Tumor_CCACTACAGTAGGCCA
CCACTACAGTTAGGTA-1	Epithelial	P9_Tumor_CCACTACAGTTAGGTA
CCACTACCACCGAATT-1	Mac	P9_Tumor_CCACTACCACCGAATT
CCACTACGTTCCAACA-1	Epithelial	P9_Tumor_CCACTACGTTCCAACA
CCACTACTCCACGTGG-1	MDSC	P9_Tumor_CCACTACTCCACGTGG
CCAGCGAAGAACTGTA-1	Mac	P9_Tumor_CCAGCGAAGAACTGTA
CCAGCGAAGCTAGGCA-1	Mac	P9_Tumor_CCAGCGAAGCTAGGCA
CCAGCGAAGTCTCGGC-1	Epithelial	P9_Tumor_CCAGCGAAGTCTCGGC
CCAGCGAAGTTTCCTT-1	Mac	P9_Tumor_CCAGCGAAGTTTCCTT
CCAGCGAGTATCAGTC-1	ASDC	P9_Tumor_CCAGCGAGTATCAGTC
CCAGCGAGTGTTTGTG-1	Epithelial	P9_Tumor_CCAGCGAGTGTTTGTG
CCAGCGAGTTTGTTGG-1	Epithelial	P9_Tumor_CCAGCGAGTTTGTTGG
CCAGCGATCACGCATA-1	Multiplet	P9_Tumor_CCAGCGATCACGCATA
CCAGCGATCCACGTGG-1	CD1C	P9_Tumor_CCAGCGATCCACGTGG
CCATGTCAGTGGTAGC-1	Epithelial	P9_Tumor_CCATGTCAGTGGTAGC
CCATGTCCACAGCGTC-1	Mac	P9_Tumor_CCATGTCCACAGCGTC
CCATGTCGTCTCTTAT-1	Epithelial	P9_Tumor_CCATGTCGTCTCTTAT
CCATGTCGTTTGTGTG-1	Epithelial	P9_Tumor_CCATGTCGTTTGTGTG
CCATGTCTCTCGAGTA-1	Epithelial	P9_Tumor_CCATGTCTCTCGAGTA
CCATTCGCATTAGGCT-1	Tcell	P9_Tumor_CCATTCGCATTAGGCT
CCCAATCCATCAGTCA-1	Epithelial	P9_Tumor_CCCAATCCATCAGTCA
CCCAATCGTGCAGTAG-1	CD1C	P9_Tumor_CCCAATCGTGCAGTAG
CCCAATCGTGGTCTCG-1	CD1C	P9_Tumor_CCCAATCGTGGTCTCG
CCCAATCGTGTTGGGA-1	Epithelial	P9_Tumor_CCCAATCGTGTTGGGA
CCCAATCTCTGTCAAG-1	Epithelial	P9_Tumor_CCCAATCTCTGTCAAG
CCCAGTTGTCCATGAT-1	CD1C	P9_Tumor_CCCAGTTGTCCATGAT
CCCAGTTGTTGAGTTC-1	Mac	P9_Tumor_CCCAGTTGTTGAGTTC
CCCATACAGAATGTTG-1	ASDC	P9_Tumor_CCCATACAGAATGTTG
CCCATACCACGGTAAG-1	CD1C	P9_Tumor_CCCATACCACGGTAAG
CCCATACTCCCAAGTA-1	Epithelial	P9_Tumor_CCCATACTCCCAAGTA
CCCTCCTAGCACCGTC-1	LC	P9_Tumor_CCCTCCTAGCACCGTC
CCCTCCTAGCTAGTTC-1	Mac	P9_Tumor_CCCTCCTAGCTAGTTC
CCCTCCTAGGTAGCCA-1	Mac	P9_Tumor_CCCTCCTAGGTAGCCA
CCCTCCTCATATACCG-1	ASDC	P9_Tumor_CCCTCCTCATATACCG
CCCTCCTGTCAAGCGA-1	CD1C	P9_Tumor_CCCTCCTGTCAAGCGA
CCCTCCTGTCTCCATC-1	Epithelial	P9_Tumor_CCCTCCTGTCTCCATC
CCCTCCTTCGACCAGC-1	Epithelial	P9_Tumor_CCCTCCTTCGACCAGC
CCGGTAGGTTCCTCCA-1	ASDC	P9_Tumor_CCGGTAGGTTCCTCCA
CCGGTAGTCCAAACAC-1	Epithelial	P9_Tumor_CCGGTAGTCCAAACAC
CCGGTAGTCTCTTATG-1	Epithelial	P9_Tumor_CCGGTAGTCTCTTATG
CCGTACTAGGGATACC-1	LC	P9_Tumor_CCGTACTAGGGATACC
CCGTACTAGTGTCTCA-1	CD1C	P9_Tumor_CCGTACTAGTGTCTCA
CCGTACTCAAGCGAGT-1	Mac	P9_Tumor_CCGTACTCAAGCGAGT
CCGTACTTCCTAGAAC-1	CLEC9A	P9_Tumor_CCGTACTTCCTAGAAC
CCGTACTTCGCAGGCT-1	CLEC9A	P9_Tumor_CCGTACTTCGCAGGCT
CCGTGGAAGGAATTAC-1	Tcell	P9_Tumor_CCGTGGAAGGAATTAC
CCGTGGACAAACGTGG-1	ASDC	P9_Tumor_CCGTGGACAAACGTGG
CCGTGGAGTACCGGCT-1	Epithelial	P9_Tumor_CCGTGGAGTACCGGCT
CCGTGGAGTCAGAGGT-1	Mac	P9_Tumor_CCGTGGAGTCAGAGGT
CCGTGGATCTTGCAAG-1	Mac	P9_Tumor_CCGTGGATCTTGCAAG
CCGTTCAAGGAATTAC-1	Mac	P9_Tumor_CCGTTCAAGGAATTAC
CCGTTCACACCGAATT-1	Mac	P9_Tumor_CCGTTCACACCGAATT
CCGTTCAGTGGGTATG-1	LC	P9_Tumor_CCGTTCAGTGGGTATG
CCGTTCAGTGTATGGG-1	Epithelial	P9_Tumor_CCGTTCAGTGTATGGG
CCTAAAGAGACAGAGA-1	Tcell	P9_Tumor_CCTAAAGAGACAGAGA
CCTAAAGAGATCCTGT-1	ASDC	P9_Tumor_CCTAAAGAGATCCTGT
CCTAAAGTCCTCTAGC-1	ASDC	P9_Tumor_CCTAAAGTCCTCTAGC
CCTACACAGACACGAC-1	CD1C	P9_Tumor_CCTACACAGACACGAC
CCTACACAGTACCGGA-1	Tcell	P9_Tumor_CCTACACAGTACCGGA
CCTACACCACATCTTT-1	Mac	P9_Tumor_CCTACACCACATCTTT
CCTACACCAGATCCAT-1	CLEC9A	P9_Tumor_CCTACACCAGATCCAT
CCTACACCAGCAGTTT-1	Epithelial	P9_Tumor_CCTACACCAGCAGTTT
CCTACACCATATGCTG-1	Mac	P9_Tumor_CCTACACCATATGCTG
CCTACACCATTCTTAC-1	Epithelial	P9_Tumor_CCTACACCATTCTTAC
CCTACACGTCCCTTGT-1	LC	P9_Tumor_CCTACACGTCCCTTGT
CCTACACTCGATAGAA-1	ASDC	P9_Tumor_CCTACACTCGATAGAA
CCTACACTCTTGCCGT-1	Mac	P9_Tumor_CCTACACTCTTGCCGT
CCTACCAAGAGGGATA-1	Tcell	P9_Tumor_CCTACCAAGAGGGATA
CCTACCACAGCGTAAG-1	Mac	P9_Tumor_CCTACCACAGCGTAAG
CCTACCACATTTCACT-1	MDSC	P9_Tumor_CCTACCACATTTCACT
CCTACCATCACAGTAC-1	CLEC9A	P9_Tumor_CCTACCATCACAGTAC
CCTAGCTAGGCATGTG-1	ASDC	P9_Tumor_CCTAGCTAGGCATGTG
CCTAGCTCAAGGACAC-1	Tcell	P9_Tumor_CCTAGCTCAAGGACAC
CCTAGCTCACAACGTT-1	Epithelial	P9_Tumor_CCTAGCTCACAACGTT
CCTAGCTCACGAAACG-1	Mac	P9_Tumor_CCTAGCTCACGAAACG
CCTAGCTCAGCCTTTC-1	Tcell	P9_Tumor_CCTAGCTCAGCCTTTC
CCTAGCTCAGGATTGG-1	CD1C	P9_Tumor_CCTAGCTCAGGATTGG
CCTAGCTGTACCTACA-1	Mac	P9_Tumor_CCTAGCTGTACCTACA
CCTATTAAGCCCGAAA-1	Mac	P9_Tumor_CCTATTAAGCCCGAAA
CCTATTAAGGAGTTTA-1	Mac	P9_Tumor_CCTATTAAGGAGTTTA
CCTATTAAGTGACATA-1	Epithelial	P9_Tumor_CCTATTAAGTGACATA
CCTATTACAAGCGAGT-1	Mac	P9_Tumor_CCTATTACAAGCGAGT
CCTATTACAGGGTACA-1	Mac	P9_Tumor_CCTATTACAGGGTACA
CCTATTACATGGGACA-1	Tcell	P9_Tumor_CCTATTACATGGGACA
CCTCAGTCAGCCACCA-1	Mac	P9_Tumor_CCTCAGTCAGCCACCA
CCTCAGTCATGATCCA-1	Mac	P9_Tumor_CCTCAGTCATGATCCA
CCTCAGTGTATCAGTC-1	CD1C	P9_Tumor_CCTCAGTGTATCAGTC
CCTCAGTTCCATGAGT-1	Mac	P9_Tumor_CCTCAGTTCCATGAGT
CCTCAGTTCCGCGGTA-1	Epithelial	P9_Tumor_CCTCAGTTCCGCGGTA
CCTCTGAAGACAAGCC-1	CLEC9A	P9_Tumor_CCTCTGAAGACAAGCC
CCTCTGAAGCACAGGT-1	Mac	P9_Tumor_CCTCTGAAGCACAGGT
CCTCTGAAGCTGAAAT-1	Tcell	P9_Tumor_CCTCTGAAGCTGAAAT
CCTCTGACACAAGCCC-1	Mac	P9_Tumor_CCTCTGACACAAGCCC
CCTCTGACACATCTTT-1	Mac	P9_Tumor_CCTCTGACACATCTTT
CCTCTGACACATTCGA-1	Multiplet	P9_Tumor_CCTCTGACACATTCGA
CCTCTGAGTAACGCGA-1	CD1C	P9_Tumor_CCTCTGAGTAACGCGA
CCTCTGAGTCAACTGT-1	Mac	P9_Tumor_CCTCTGAGTCAACTGT
CCTCTGAGTGATAAGT-1	Mac	P9_Tumor_CCTCTGAGTGATAAGT
CCTCTGAGTTCATGGT-1	CD1C	P9_Tumor_CCTCTGAGTTCATGGT
CCTCTGATCATCGGAT-1	LC	P9_Tumor_CCTCTGATCATCGGAT
CCTCTGATCTGGCGAC-1	CLEC9A	P9_Tumor_CCTCTGATCTGGCGAC
CCTTACGAGGCTCATT-1	Tcell	P9_Tumor_CCTTACGAGGCTCATT
CCTTACGAGGTACTCT-1	CLEC9A	P9_Tumor_CCTTACGAGGTACTCT
CCTTACGCAGCTTCGG-1	CLEC9A	P9_Tumor_CCTTACGCAGCTTCGG
CCTTACGGTACCGGCT-1	Tcell	P9_Tumor_CCTTACGGTACCGGCT
CCTTACGGTAGCTAAA-1	Mac	P9_Tumor_CCTTACGGTAGCTAAA
CCTTACGGTTCTCATT-1	Mac	P9_Tumor_CCTTACGGTTCTCATT
CCTTACGTCGATCCCT-1	Epithelial	P9_Tumor_CCTTACGTCGATCCCT
CCTTCCCAGGCATGGT-1	MDSC	P9_Tumor_CCTTCCCAGGCATGGT
CCTTCCCAGGCTCTTA-1	CD1C	P9_Tumor_CCTTCCCAGGCTCTTA
CCTTCCCGTCAATGTC-1	Multiplet	P9_Tumor_CCTTCCCGTCAATGTC
CCTTCCCTCTCTGTCG-1	LC	P9_Tumor_CCTTCCCTCTCTGTCG
CCTTCGAAGCTAAACA-1	CD1C	P9_Tumor_CCTTCGAAGCTAAACA
CCTTCGACACATGGGA-1	Mac	P9_Tumor_CCTTCGACACATGGGA
CCTTCGAGTAGCCTCG-1	Mac	P9_Tumor_CCTTCGAGTAGCCTCG
CCTTCGAGTGCGGTAA-1	PDC	P9_Tumor_CCTTCGAGTGCGGTAA
CCTTCGAGTTCTGTTT-1	CLEC9A	P9_Tumor_CCTTCGAGTTCTGTTT
CCTTCGATCCCTTGTG-1	Fibroblast	P9_Tumor_CCTTCGATCCCTTGTG
CCTTTCTAGTCCATAC-1	CD1C	P9_Tumor_CCTTTCTAGTCCATAC
CCTTTCTCAAAGGCGT-1	ASDC	P9_Tumor_CCTTTCTCAAAGGCGT
CCTTTCTCACACATGT-1	Mac	P9_Tumor_CCTTTCTCACACATGT
CCTTTCTGTACAGTGG-1	CLEC9A	P9_Tumor_CCTTTCTGTACAGTGG
CCTTTCTGTGAGGGAG-1	ASDC	P9_Tumor_CCTTTCTGTGAGGGAG
CCTTTCTTCGCAGGCT-1	Epithelial	P9_Tumor_CCTTTCTTCGCAGGCT
CCTTTCTTCTATCCTA-1	ASDC	P9_Tumor_CCTTTCTTCTATCCTA
CGAACATAGAGTGAGA-1	Tcell	P9_Tumor_CGAACATAGAGTGAGA
CGAACATGTGTTCTTT-1	CD1C	P9_Tumor_CGAACATGTGTTCTTT
CGAATGTCATGTTCCC-1	Epithelial	P9_Tumor_CGAATGTCATGTTCCC
CGACCTTAGTGTACTC-1	CLEC9A	P9_Tumor_CGACCTTAGTGTACTC
CGACCTTCAAGGTTTC-1	Fibroblast	P9_Tumor_CGACCTTCAAGGTTTC
CGACCTTGTCTAGGTT-1	Mac	P9_Tumor_CGACCTTGTCTAGGTT
CGACCTTTCGAGGTAG-1	Mac	P9_Tumor_CGACCTTTCGAGGTAG
CGACCTTTCTGTCTCG-1	B_Cell	P9_Tumor_CGACCTTTCTGTCTCG
CGACTTCGTCTGATCA-1	CD1C	P9_Tumor_CGACTTCGTCTGATCA
CGACTTCTCGGTTAAC-1	CD1C	P9_Tumor_CGACTTCTCGGTTAAC
CGAGAAGAGAGTGACC-1	CD1C	P9_Tumor_CGAGAAGAGAGTGACC
CGAGAAGAGGGATGGG-1	Epithelial	P9_Tumor_CGAGAAGAGGGATGGG
CGAGAAGCAGGGTACA-1	Tcell	P9_Tumor_CGAGAAGCAGGGTACA
CGAGAAGCATGCAATC-1	CLEC9A	P9_Tumor_CGAGAAGCATGCAATC
CGAGAAGGTACCAGTT-1	Mac	P9_Tumor_CGAGAAGGTACCAGTT
CGAGAAGGTAGCGATG-1	Mac	P9_Tumor_CGAGAAGGTAGCGATG
CGAGAAGTCACTCCTG-1	CD1C	P9_Tumor_CGAGAAGTCACTCCTG
CGAGAAGTCTATCCTA-1	CD1C	P9_Tumor_CGAGAAGTCTATCCTA
CGAGCACCAGTTCATG-1	Epithelial	P9_Tumor_CGAGCACCAGTTCATG
CGAGCACGTCACACGC-1	Tcell	P9_Tumor_CGAGCACGTCACACGC
CGAGCACGTGCCTGGT-1	CD1C	P9_Tumor_CGAGCACGTGCCTGGT
CGAGCCAAGCTGCAAG-1	Epithelial	P9_Tumor_CGAGCCAAGCTGCAAG
CGAGCCACATAGTAAG-1	Mac	P9_Tumor_CGAGCCACATAGTAAG
CGAGCCAGTCTAGCGC-1	CD1C	P9_Tumor_CGAGCCAGTCTAGCGC
CGAGCCAGTGCAGTAG-1	Tcell	P9_Tumor_CGAGCCAGTGCAGTAG
CGATCGGAGCGTTGCC-1	CLEC9A	P9_Tumor_CGATCGGAGCGTTGCC
CGATCGGAGTGCTGCC-1	CD1C	P9_Tumor_CGATCGGAGTGCTGCC
CGATCGGGTTGGTGGA-1	CLEC9A	P9_Tumor_CGATCGGGTTGGTGGA
CGATCGGTCGACGGAA-1	ASDC	P9_Tumor_CGATCGGTCGACGGAA
CGATGGCAGTGTACCT-1	Mac	P9_Tumor_CGATGGCAGTGTACCT
CGATGGCCATTACCTT-1	CD1C	P9_Tumor_CGATGGCCATTACCTT
CGATGGCGTGAGTATA-1	ASDC	P9_Tumor_CGATGGCGTGAGTATA
CGATGGCTCAGGCAAG-1	Mac	P9_Tumor_CGATGGCTCAGGCAAG
CGATGTAAGCCATCGC-1	Mac	P9_Tumor_CGATGTAAGCCATCGC
CGATGTACATGCGCAC-1	Mac	P9_Tumor_CGATGTACATGCGCAC
CGATGTAGTCTAGCGC-1	CD1C	P9_Tumor_CGATGTAGTCTAGCGC
CGATGTAGTTTGACAC-1	ASDC	P9_Tumor_CGATGTAGTTTGACAC
CGATGTATCACCGGGT-1	Epithelial	P9_Tumor_CGATGTATCACCGGGT
CGATGTATCCATGCTC-1	Epithelial	P9_Tumor_CGATGTATCCATGCTC
CGATGTATCCTGCAGG-1	CD1C	P9_Tumor_CGATGTATCCTGCAGG
CGATGTATCTGCTGTC-1	ASDC	P9_Tumor_CGATGTATCTGCTGTC
CGATTGACACAAGTAA-1	Mac	P9_Tumor_CGATTGACACAAGTAA
CGATTGACATACTCTT-1	Mac	P9_Tumor_CGATTGACATACTCTT
CGATTGAGTAGGCTGA-1	Tcell	P9_Tumor_CGATTGAGTAGGCTGA
CGATTGAGTCACACGC-1	CLEC9A	P9_Tumor_CGATTGAGTCACACGC
CGCCAAGGTAAACACA-1	Tcell	P9_Tumor_CGCCAAGGTAAACACA
CGCCAAGTCACAGTAC-1	CD1C	P9_Tumor_CGCCAAGTCACAGTAC
CGCCAAGTCCTAGAAC-1	CD1C	P9_Tumor_CGCCAAGTCCTAGAAC
CGCGGTAGTCCAACTA-1	Mac	P9_Tumor_CGCGGTAGTCCAACTA
CGCGGTAGTTATTCTC-1	Epithelial	P9_Tumor_CGCGGTAGTTATTCTC
CGCGGTAGTTCCTCCA-1	LC	P9_Tumor_CGCGGTAGTTCCTCCA
CGCGTTTCAAACCCAT-1	CD1C	P9_Tumor_CGCGTTTCAAACCCAT
CGCTATCAGCCAGTAG-1	Mac	P9_Tumor_CGCTATCAGCCAGTAG
CGCTATCCAAGCGAGT-1	ASDC	P9_Tumor_CGCTATCCAAGCGAGT
CGCTATCGTTGATTGC-1	Tcell	P9_Tumor_CGCTATCGTTGATTGC
CGCTATCTCATGTAGC-1	Mac	P9_Tumor_CGCTATCTCATGTAGC
CGCTATCTCCTCCTAG-1	Mac	P9_Tumor_CGCTATCTCCTCCTAG
CGCTGGAAGCCACGTC-1	Mac	P9_Tumor_CGCTGGAAGCCACGTC
CGCTGGACACCATCCT-1	PDC	P9_Tumor_CGCTGGACACCATCCT
CGCTGGACATGCATGT-1	Tcell	P9_Tumor_CGCTGGACATGCATGT
CGCTGGAGTGGTCTCG-1	CLEC9A	P9_Tumor_CGCTGGAGTGGTCTCG
CGCTGGATCAGAGACG-1	CD1C	P9_Tumor_CGCTGGATCAGAGACG
CGCTGGATCTGACCTC-1	Tcell	P9_Tumor_CGCTGGATCTGACCTC
CGCTTCACACCTATCC-1	CD1C	P9_Tumor_CGCTTCACACCTATCC
CGCTTCACAGTACACT-1	Mac	P9_Tumor_CGCTTCACAGTACACT
CGCTTCACATGCTGGC-1	CD1C	P9_Tumor_CGCTTCACATGCTGGC
CGGACACCACGTGAGA-1	CD1C	P9_Tumor_CGGACACCACGTGAGA
CGGACACGTCCCTTGT-1	CD1C	P9_Tumor_CGGACACGTCCCTTGT
CGGACACTCCAGAGGA-1	Mac	P9_Tumor_CGGACACTCCAGAGGA
CGGACACTCGGATGGA-1	LC	P9_Tumor_CGGACACTCGGATGGA
CGGACGTCATATGAGA-1	Tcell	P9_Tumor_CGGACGTCATATGAGA
CGGACGTTCATATCGG-1	LC	P9_Tumor_CGGACGTTCATATCGG
CGGACTGAGCAGCGTA-1	Mac	P9_Tumor_CGGACTGAGCAGCGTA
CGGACTGCAAATCCGT-1	Mac	P9_Tumor_CGGACTGCAAATCCGT
CGGACTGCAAATTGCC-1	Mac	P9_Tumor_CGGACTGCAAATTGCC
CGGACTGTCGTATCAG-1	Mac	P9_Tumor_CGGACTGTCGTATCAG
CGGAGCTAGGACACCA-1	ASDC	P9_Tumor_CGGAGCTAGGACACCA
CGGAGCTGTCTCGTTC-1	Tcell	P9_Tumor_CGGAGCTGTCTCGTTC
CGGAGCTTCCTCAACC-1	Mac	P9_Tumor_CGGAGCTTCCTCAACC
CGGAGCTTCGGGAGTA-1	Mac	P9_Tumor_CGGAGCTTCGGGAGTA
CGGAGTCAGTCCCACG-1	Epithelial	P9_Tumor_CGGAGTCAGTCCCACG
CGGAGTCAGTCGTTTG-1	Epithelial	P9_Tumor_CGGAGTCAGTCGTTTG
CGGAGTCTCTGAAAGA-1	Epithelial	P9_Tumor_CGGAGTCTCTGAAAGA
CGGCTAGAGGCTCTTA-1	Mac	P9_Tumor_CGGCTAGAGGCTCTTA
CGGCTAGCAGGCTCAC-1	ASDC	P9_Tumor_CGGCTAGCAGGCTCAC
CGGCTAGTCCGTCAAA-1	CD1C	P9_Tumor_CGGCTAGTCCGTCAAA
CGGGTCACAGACAGGT-1	Mac	P9_Tumor_CGGGTCACAGACAGGT
CGGGTCACATGCAACT-1	ASDC	P9_Tumor_CGGGTCACATGCAACT
CGGTTAAAGAGACTTA-1	Epithelial	P9_Tumor_CGGTTAAAGAGACTTA
CGGTTAAGTACATCCA-1	Epithelial	P9_Tumor_CGGTTAAGTACATCCA
CGTAGCGAGAACAACT-1	MDSC	P9_Tumor_CGTAGCGAGAACAACT
CGTAGCGAGTTGCAGG-1	ASDC	P9_Tumor_CGTAGCGAGTTGCAGG
CGTAGCGGTGGCTCCA-1	Mac	P9_Tumor_CGTAGCGGTGGCTCCA
CGTAGCGGTGTCTGAT-1	LC	P9_Tumor_CGTAGCGGTGTCTGAT
CGTAGCGTCATGCATG-1	Epithelial	P9_Tumor_CGTAGCGTCATGCATG
CGTAGGCAGACACTAA-1	CD1C	P9_Tumor_CGTAGGCAGACACTAA
CGTAGGCAGAGCTTCT-1	Mac	P9_Tumor_CGTAGGCAGAGCTTCT
CGTAGGCGTCAGAATA-1	Epithelial	P9_Tumor_CGTAGGCGTCAGAATA
CGTAGGCTCACAAACC-1	CD1C	P9_Tumor_CGTAGGCTCACAAACC
CGTCACTGTTAGATGA-1	ASDC	P9_Tumor_CGTCACTGTTAGATGA
CGTCAGGAGAACTCGG-1	Mac	P9_Tumor_CGTCAGGAGAACTCGG
CGTCAGGAGAAGGTGA-1	Tcell	P9_Tumor_CGTCAGGAGAAGGTGA
CGTCAGGAGACACTAA-1	CD1C	P9_Tumor_CGTCAGGAGACACTAA
CGTCAGGTCATATCGG-1	ASDC	P9_Tumor_CGTCAGGTCATATCGG
CGTCAGGTCGTAGATC-1	CD1C	P9_Tumor_CGTCAGGTCGTAGATC
CGTCCATAGAGGACGG-1	CLEC9A	P9_Tumor_CGTCCATAGAGGACGG
CGTCCATTCGCCCTTA-1	B_Cell	P9_Tumor_CGTCCATTCGCCCTTA
CGTCTACAGGATCGCA-1	CLEC9A	P9_Tumor_CGTCTACAGGATCGCA
CGTCTACCACAGGCCT-1	Mac	P9_Tumor_CGTCTACCACAGGCCT
CGTCTACTCCGCATAA-1	Mac	P9_Tumor_CGTCTACTCCGCATAA
CGTCTACTCCGCATCT-1	Mac	P9_Tumor_CGTCTACTCCGCATCT
CGTGAGCAGAAACCGC-1	Epithelial	P9_Tumor_CGTGAGCAGAAACCGC
CGTGAGCGTGTATGGG-1	PDC	P9_Tumor_CGTGAGCGTGTATGGG
CGTGAGCTCACCGTAA-1	Mac	P9_Tumor_CGTGAGCTCACCGTAA
CGTGTAACAGGACCCT-1	Epithelial	P9_Tumor_CGTGTAACAGGACCCT
CGTGTAAGTGCACTTA-1	LC	P9_Tumor_CGTGTAAGTGCACTTA
CGTGTAAGTTGCCTCT-1	LC	P9_Tumor_CGTGTAAGTTGCCTCT
CGTGTCTAGCACCGTC-1	CD1C	P9_Tumor_CGTGTCTAGCACCGTC
CGTGTCTAGTTCGCAT-1	Mac	P9_Tumor_CGTGTCTAGTTCGCAT
CGTTAGAAGCCCTAAT-1	Mac	P9_Tumor_CGTTAGAAGCCCTAAT
CGTTAGAAGGACAGAA-1	Mac	P9_Tumor_CGTTAGAAGGACAGAA
CGTTAGAAGGGTTTCT-1	CD1C	P9_Tumor_CGTTAGAAGGGTTTCT
CGTTAGAAGTGTCCCG-1	CLEC9A	P9_Tumor_CGTTAGAAGTGTCCCG
CGTTAGACACGACTCG-1	Mac	P9_Tumor_CGTTAGACACGACTCG
CGTTAGACATGCCACG-1	CD1C	P9_Tumor_CGTTAGACATGCCACG
CGTTCTGCACTGTCGG-1	CD1C	P9_Tumor_CGTTCTGCACTGTCGG
CGTTCTGTCAGCAACT-1	Epithelial	P9_Tumor_CGTTCTGTCAGCAACT
CGTTCTGTCGGTTAAC-1	Epithelial	P9_Tumor_CGTTCTGTCGGTTAAC
CGTTGGGCACGAGAGT-1	Tcell	P9_Tumor_CGTTGGGCACGAGAGT
CGTTGGGTCGATAGAA-1	Epithelial	P9_Tumor_CGTTGGGTCGATAGAA
CGTTGGGTCTTGCATT-1	Epithelial	P9_Tumor_CGTTGGGTCTTGCATT
CTAACTTAGCCACGCT-1	Mac	P9_Tumor_CTAACTTAGCCACGCT
CTAAGACAGCGTGAGT-1	Epithelial	P9_Tumor_CTAAGACAGCGTGAGT
CTAAGACGTAAACACA-1	Tcell	P9_Tumor_CTAAGACGTAAACACA
CTAAGACGTTACGTCA-1	MDSC	P9_Tumor_CTAAGACGTTACGTCA
CTAATGGCATGTCCTC-1	MDSC	P9_Tumor_CTAATGGCATGTCCTC
CTAATGGTCAGCACAT-1	Mac	P9_Tumor_CTAATGGTCAGCACAT
CTAATGGTCGTACCGG-1	CLEC9A	P9_Tumor_CTAATGGTCGTACCGG
CTAATGGTCTTAACCT-1	Epithelial	P9_Tumor_CTAATGGTCTTAACCT
CTACACCAGTCAAGGC-1	LC	P9_Tumor_CTACACCAGTCAAGGC
CTACACCCAAACGCGA-1	Epithelial	P9_Tumor_CTACACCCAAACGCGA
CTACATTAGGAGCGTT-1	CLEC9A	P9_Tumor_CTACATTAGGAGCGTT
CTACATTGTAGGGACT-1	Tcell	P9_Tumor_CTACATTGTAGGGACT
CTACATTGTATTCTCT-1	Mac	P9_Tumor_CTACATTGTATTCTCT
CTACATTGTGAACCTT-1	Mac	P9_Tumor_CTACATTGTGAACCTT
CTACATTGTTTGACAC-1	Mac	P9_Tumor_CTACATTGTTTGACAC
CTACGTCAGAAAGTGG-1	Epithelial	P9_Tumor_CTACGTCAGAAAGTGG
CTACGTCCAGACGCAA-1	Mac	P9_Tumor_CTACGTCCAGACGCAA
CTACGTCTCAAACAAG-1	Mac	P9_Tumor_CTACGTCTCAAACAAG
CTAGAGTAGGCTAGCA-1	Epithelial	P9_Tumor_CTAGAGTAGGCTAGCA
CTAGAGTAGTCAATAG-1	CD1C	P9_Tumor_CTAGAGTAGTCAATAG
CTAGAGTCACGCATCG-1	LC	P9_Tumor_CTAGAGTCACGCATCG
CTAGAGTGTCAGAGGT-1	Epithelial	P9_Tumor_CTAGAGTGTCAGAGGT
CTAGAGTGTCAGCTAT-1	Epithelial	P9_Tumor_CTAGAGTGTCAGCTAT
CTAGCCTAGATCGATA-1	B_Cell	P9_Tumor_CTAGCCTAGATCGATA
CTAGCCTAGTGGGTTG-1	Mac	P9_Tumor_CTAGCCTAGTGGGTTG
CTAGCCTAGTTAACGA-1	Multiplet	P9_Tumor_CTAGCCTAGTTAACGA
CTAGCCTCATGACATC-1	Epithelial	P9_Tumor_CTAGCCTCATGACATC
CTAGCCTCATGTCCTC-1	CD1C	P9_Tumor_CTAGCCTCATGTCCTC
CTAGCCTGTGCAGGTA-1	Multiplet	P9_Tumor_CTAGCCTGTGCAGGTA
CTAGCCTTCTTATCTG-1	Mac	P9_Tumor_CTAGCCTTCTTATCTG
CTAGTGAAGGATCGCA-1	CD1C	P9_Tumor_CTAGTGAAGGATCGCA
CTAGTGACAAGTCTGT-1	Mac	P9_Tumor_CTAGTGACAAGTCTGT
CTAGTGACATACAGCT-1	Epithelial	P9_Tumor_CTAGTGACATACAGCT
CTAGTGAGTCATATGC-1	Endothelial_Cell	P9_Tumor_CTAGTGAGTCATATGC
CTAGTGAGTCTTTCAT-1	Epithelial	P9_Tumor_CTAGTGAGTCTTTCAT
CTCACACAGGGTATCG-1	Mac	P9_Tumor_CTCACACAGGGTATCG
CTCACACCAAGTTCTG-1	Mac	P9_Tumor_CTCACACCAAGTTCTG
CTCACACGTTAAGTAG-1	Tcell	P9_Tumor_CTCACACGTTAAGTAG
CTCACACTCAGGCCCA-1	Epithelial	P9_Tumor_CTCACACTCAGGCCCA
CTCAGAAGTATGGTTC-1	MDSC	P9_Tumor_CTCAGAAGTATGGTTC
CTCAGAATCCATGCTC-1	CD1C	P9_Tumor_CTCAGAATCCATGCTC
CTCATTACACTTACGA-1	ASDC	P9_Tumor_CTCATTACACTTACGA
CTCATTAGTCAGTGGA-1	Epithelial	P9_Tumor_CTCATTAGTCAGTGGA
CTCATTATCGAGAACG-1	CLEC9A	P9_Tumor_CTCATTATCGAGAACG
CTCCTAGAGAAACCTA-1	CD1C	P9_Tumor_CTCCTAGAGAAACCTA
CTCCTAGAGATAGTCA-1	Multiplet	P9_Tumor_CTCCTAGAGATAGTCA
CTCCTAGAGTAACCCT-1	Mac	P9_Tumor_CTCCTAGAGTAACCCT
CTCCTAGAGTCAATAG-1	CD1C	P9_Tumor_CTCCTAGAGTCAATAG
CTCCTAGAGTTCGCAT-1	Epithelial	P9_Tumor_CTCCTAGAGTTCGCAT
CTCCTAGCAGACAGGT-1	Mac	P9_Tumor_CTCCTAGCAGACAGGT
CTCCTAGGTGGACGAT-1	Epithelial	P9_Tumor_CTCCTAGGTGGACGAT
CTCCTAGTCCGCATCT-1	Tcell	P9_Tumor_CTCCTAGTCCGCATCT
CTCCTAGTCGTTACGA-1	Mac	P9_Tumor_CTCCTAGTCGTTACGA
CTCGAAAAGATAGTCA-1	Tcell	P9_Tumor_CTCGAAAAGATAGTCA
CTCGAAACACAGCGTC-1	Mac	P9_Tumor_CTCGAAACACAGCGTC
CTCGAAACAGTATCTG-1	CD1C	P9_Tumor_CTCGAAACAGTATCTG
CTCGAAATCCGCAAGC-1	CD1C	P9_Tumor_CTCGAAATCCGCAAGC
CTCGAAATCTTAGAGC-1	Tcell	P9_Tumor_CTCGAAATCTTAGAGC
CTCGAGGAGTGCGATG-1	Mac	P9_Tumor_CTCGAGGAGTGCGATG
CTCGAGGCATGCATGT-1	Epithelial	P9_Tumor_CTCGAGGCATGCATGT
CTCGAGGGTACGAAAT-1	Epithelial	P9_Tumor_CTCGAGGGTACGAAAT
CTCGAGGGTATGCTTG-1	CLEC9A	P9_Tumor_CTCGAGGGTATGCTTG
CTCGGAGAGCGATTCT-1	Epithelial	P9_Tumor_CTCGGAGAGCGATTCT
CTCGGAGCATATGGTC-1	Mac	P9_Tumor_CTCGGAGCATATGGTC
CTCGGAGGTACCTACA-1	Mac	P9_Tumor_CTCGGAGGTACCTACA
CTCGGAGGTGTGGCTC-1	CD1C	P9_Tumor_CTCGGAGGTGTGGCTC
CTCGGGAAGGTCGGAT-1	CLEC9A	P9_Tumor_CTCGGGAAGGTCGGAT
CTCGGGAGTACAGCAG-1	Mac	P9_Tumor_CTCGGGAGTACAGCAG
CTCGGGAGTCCGAGTC-1	Epithelial	P9_Tumor_CTCGGGAGTCCGAGTC
CTCGGGAGTGTCTGAT-1	Tcell	P9_Tumor_CTCGGGAGTGTCTGAT
CTCGTACAGAAGGACA-1	Mac	P9_Tumor_CTCGTACAGAAGGACA
CTCGTACAGTGAAGTT-1	LC	P9_Tumor_CTCGTACAGTGAAGTT
CTCGTACCACCCATGG-1	Epithelial	P9_Tumor_CTCGTACCACCCATGG
CTCGTACCAGTGACAG-1	CLEC9A	P9_Tumor_CTCGTACCAGTGACAG
CTCGTACGTATTCTCT-1	CLEC9A	P9_Tumor_CTCGTACGTATTCTCT
CTCGTCAAGCACGCCT-1	Mac	P9_Tumor_CTCGTCAAGCACGCCT
CTCGTCAAGGTGCAAC-1	CD1C	P9_Tumor_CTCGTCAAGGTGCAAC
CTCGTCAAGTGGACGT-1	CD1C	P9_Tumor_CTCGTCAAGTGGACGT
CTCGTCAGTCCCTACT-1	Mac	P9_Tumor_CTCGTCAGTCCCTACT
CTCGTCATCGAGCCCA-1	CD1C	P9_Tumor_CTCGTCATCGAGCCCA
CTCGTCATCGGAAATA-1	CD1C	P9_Tumor_CTCGTCATCGGAAATA
CTCGTCATCTACTCAT-1	Mac	P9_Tumor_CTCGTCATCTACTCAT
CTCTAATCACAGGAGT-1	Epithelial	P9_Tumor_CTCTAATCACAGGAGT
CTCTAATTCTTCCTTC-1	CD1C	P9_Tumor_CTCTAATTCTTCCTTC
CTCTACGCATACGCTA-1	CD1C	P9_Tumor_CTCTACGCATACGCTA
CTCTACGCATGATCCA-1	Mac	P9_Tumor_CTCTACGCATGATCCA
CTCTACGGTTATTCTC-1	CD1C	P9_Tumor_CTCTACGGTTATTCTC
CTCTGGTAGCGATTCT-1	Multiplet	P9_Tumor_CTCTGGTAGCGATTCT
CTCTGGTAGTACGTAA-1	Mac	P9_Tumor_CTCTGGTAGTACGTAA
CTCTGGTCACGGTAGA-1	Mac	P9_Tumor_CTCTGGTCACGGTAGA
CTCTGGTGTAAATGAC-1	Mac	P9_Tumor_CTCTGGTGTAAATGAC
CTGAAACAGGGCTTCC-1	ASDC	P9_Tumor_CTGAAACAGGGCTTCC
CTGAAACAGGGTCGAT-1	Mac	P9_Tumor_CTGAAACAGGGTCGAT
CTGAAACCACAAGTAA-1	LC	P9_Tumor_CTGAAACCACAAGTAA
CTGAAACCAGTGGAGT-1	CD1C	P9_Tumor_CTGAAACCAGTGGAGT
CTGAAGTCAAACCCAT-1	CD1C	P9_Tumor_CTGAAGTCAAACCCAT
CTGAAGTCAAGTTGTC-1	Epithelial	P9_Tumor_CTGAAGTCAAGTTGTC
CTGAAGTCACCTCGGA-1	Epithelial	P9_Tumor_CTGAAGTCACCTCGGA
CTGATAGAGTGGAGAA-1	Epithelial	P9_Tumor_CTGATAGAGTGGAGAA
CTGATAGAGTTAGCGG-1	Mac	P9_Tumor_CTGATAGAGTTAGCGG
CTGATAGCAACGATGG-1	Fibroblast	P9_Tumor_CTGATAGCAACGATGG
CTGATAGCAACTGCGC-1	Tcell	P9_Tumor_CTGATAGCAACTGCGC
CTGATAGCACGACGAA-1	Mac	P9_Tumor_CTGATAGCACGACGAA
CTGATAGGTTCCGTCT-1	Epithelial	P9_Tumor_CTGATAGGTTCCGTCT
CTGATCCGTCGAACAG-1	Mac	P9_Tumor_CTGATCCGTCGAACAG
CTGATCCTCCGTCATC-1	CD1C	P9_Tumor_CTGATCCTCCGTCATC
CTGCCTAGTAGCGCAA-1	Epithelial	P9_Tumor_CTGCCTAGTAGCGCAA
CTGCCTAGTCGAAAGC-1	CD1C	P9_Tumor_CTGCCTAGTCGAAAGC
CTGCCTAGTCGCATAT-1	CD1C	P9_Tumor_CTGCCTAGTCGCATAT
CTGCCTATCACCATAG-1	CLEC9A	P9_Tumor_CTGCCTATCACCATAG
CTGCGGAAGTGGTAGC-1	Tcell	P9_Tumor_CTGCGGAAGTGGTAGC
CTGCGGACAGATGGCA-1	Epithelial	P9_Tumor_CTGCGGACAGATGGCA
CTGCGGATCTCTTATG-1	ASDC	P9_Tumor_CTGCGGATCTCTTATG
CTGCTGTAGTGTCCAT-1	Mac	P9_Tumor_CTGCTGTAGTGTCCAT
CTGCTGTGTTTGGGCC-1	Mac	P9_Tumor_CTGCTGTGTTTGGGCC
CTGGTCTGTCTTCAAG-1	Mac	P9_Tumor_CTGGTCTGTCTTCAAG
CTGGTCTGTTGAGGTG-1	Epithelial	P9_Tumor_CTGGTCTGTTGAGGTG
CTGTGCTAGGGTATCG-1	LC	P9_Tumor_CTGTGCTAGGGTATCG
CTGTTTAAGTTGAGAT-1	Tcell	P9_Tumor_CTGTTTAAGTTGAGAT
CTGTTTAGTAAGGATT-1	Tcell	P9_Tumor_CTGTTTAGTAAGGATT
CTGTTTAGTCTCTCTG-1	LC	P9_Tumor_CTGTTTAGTCTCTCTG
CTGTTTAGTGCACTTA-1	Mac	P9_Tumor_CTGTTTAGTGCACTTA
CTGTTTATCACTCCTG-1	Mac	P9_Tumor_CTGTTTATCACTCCTG
CTTAACTAGGACCACA-1	CD1C	P9_Tumor_CTTAACTAGGACCACA
CTTAACTAGTGCTGCC-1	CD1C	P9_Tumor_CTTAACTAGTGCTGCC
CTTAACTCAATTGCTG-1	Mac	P9_Tumor_CTTAACTCAATTGCTG
CTTAACTCAGTGGGAT-1	Epithelial	P9_Tumor_CTTAACTCAGTGGGAT
CTTAACTCATTCCTGC-1	Mac	P9_Tumor_CTTAACTCATTCCTGC
CTTAACTGTCTCTTAT-1	CLEC9A	P9_Tumor_CTTAACTGTCTCTTAT
CTTAACTGTGACTACT-1	CD1C	P9_Tumor_CTTAACTGTGACTACT
CTTACCGAGAGTGACC-1	Multiplet	P9_Tumor_CTTACCGAGAGTGACC
CTTACCGAGGCATGGT-1	CD1C	P9_Tumor_CTTACCGAGGCATGGT
CTTACCGCATGTCCTC-1	Mac	P9_Tumor_CTTACCGCATGTCCTC
CTTACCGGTACGAAAT-1	Epithelial	P9_Tumor_CTTACCGGTACGAAAT
CTTACCGGTTCTGAAC-1	CD1C	P9_Tumor_CTTACCGGTTCTGAAC
CTTAGGAAGATCACGG-1	Epithelial	P9_Tumor_CTTAGGAAGATCACGG
CTTAGGACAAATACAG-1	Mac	P9_Tumor_CTTAGGACAAATACAG
CTTAGGATCTATCGCC-1	Mac	P9_Tumor_CTTAGGATCTATCGCC
CTTCTCTCAAAGAATC-1	Tcell	P9_Tumor_CTTCTCTCAAAGAATC
CTTCTCTCATAGGATA-1	Tcell	P9_Tumor_CTTCTCTCATAGGATA
CTTCTCTCATCGGACC-1	ASDC	P9_Tumor_CTTCTCTCATCGGACC
CTTGGCTCAGCTGCTG-1	PDC	P9_Tumor_CTTGGCTCAGCTGCTG
CTTGGCTCATCAGTAC-1	CD1C	P9_Tumor_CTTGGCTCATCAGTAC
CTTGGCTGTTTGCATG-1	Epithelial	P9_Tumor_CTTGGCTGTTTGCATG
CTTGGCTTCGGCATCG-1	CD1C	P9_Tumor_CTTGGCTTCGGCATCG
CTTTGCGTCCTCTAGC-1	CD1C	P9_Tumor_CTTTGCGTCCTCTAGC
CTTTGCGTCGAGCCCA-1	CD1C	P9_Tumor_CTTTGCGTCGAGCCCA
GAAACTCAGACAATAC-1	LC	P9_Tumor_GAAACTCAGACAATAC
GAAACTCAGGACATTA-1	CD1C	P9_Tumor_GAAACTCAGGACATTA
GAAACTCCAATCTGCA-1	Tcell	P9_Tumor_GAAACTCCAATCTGCA
GAAACTCTCTAGAGTC-1	Mac	P9_Tumor_GAAACTCTCTAGAGTC
GAAATGAAGCTAGTTC-1	Mac	P9_Tumor_GAAATGAAGCTAGTTC
GAAATGACACGGCTAC-1	Tcell	P9_Tumor_GAAATGACACGGCTAC
GAAATGAGTGATGCCC-1	CD1C	P9_Tumor_GAAATGAGTGATGCCC
GAAATGATCAGGCAAG-1	Mac	P9_Tumor_GAAATGATCAGGCAAG
GAACATCCACGAGGTA-1	CD1C	P9_Tumor_GAACATCCACGAGGTA
GAACATCGTACGCTGC-1	Multiplet	P9_Tumor_GAACATCGTACGCTGC
GAACATCGTCAAAGCG-1	Mac	P9_Tumor_GAACATCGTCAAAGCG
GAACATCTCCGTAGTA-1	Mac	P9_Tumor_GAACATCTCCGTAGTA
GAACCTAGTCGAAAGC-1	LC	P9_Tumor_GAACCTAGTCGAAAGC
GAACCTATCTACCTGC-1	CD1C	P9_Tumor_GAACCTATCTACCTGC
GAACCTATCTGGTTCC-1	Epithelial	P9_Tumor_GAACCTATCTGGTTCC
GAACGGAAGTCTCGGC-1	Mac	P9_Tumor_GAACGGAAGTCTCGGC
GAACGGATCACAGGCC-1	Mac	P9_Tumor_GAACGGATCACAGGCC
GAACGGATCATCTGCC-1	Epithelial	P9_Tumor_GAACGGATCATCTGCC
GAAGCAGAGCACCGCT-1	ASDC	P9_Tumor_GAAGCAGAGCACCGCT
GAAGCAGAGCCATCGC-1	CD1C	P9_Tumor_GAAGCAGAGCCATCGC
GAAGCAGTCGAACTGT-1	Mac	P9_Tumor_GAAGCAGTCGAACTGT
GAATGAAAGCCAGGAT-1	CD1C	P9_Tumor_GAATGAAAGCCAGGAT
GAATGAAAGTCTCAAC-1	Epithelial	P9_Tumor_GAATGAAAGTCTCAAC
GAATGAACACAGAGGT-1	Epithelial	P9_Tumor_GAATGAACACAGAGGT
GAATGAATCCACGTTC-1	CD1C	P9_Tumor_GAATGAATCCACGTTC
GAATGAATCTTGAGGT-1	Tcell	P9_Tumor_GAATGAATCTTGAGGT
GACACGCAGGGTCTCC-1	CLEC9A	P9_Tumor_GACACGCAGGGTCTCC
GACACGCAGTACACCT-1	CD1C	P9_Tumor_GACACGCAGTACACCT
GACACGCGTTCGGGCT-1	CD1C	P9_Tumor_GACACGCGTTCGGGCT
GACACGCTCACTCTTA-1	Mac	P9_Tumor_GACACGCTCACTCTTA
GACCAATAGGCAATTA-1	Mac	P9_Tumor_GACCAATAGGCAATTA
GACCAATGTAGCCTAT-1	CD1C	P9_Tumor_GACCAATGTAGCCTAT
GACCAATTCCTATGTT-1	Epithelial	P9_Tumor_GACCAATTCCTATGTT
GACCTGGAGATGGGTC-1	Mac	P9_Tumor_GACCTGGAGATGGGTC
GACCTGGGTGGTCCGT-1	Mac	P9_Tumor_GACCTGGGTGGTCCGT
GACCTGGTCCATGCTC-1	Epithelial	P9_Tumor_GACCTGGTCCATGCTC
GACCTGGTCGGAAACG-1	Mac	P9_Tumor_GACCTGGTCGGAAACG
GACGCGTAGAGTACCG-1	NK	P9_Tumor_GACGCGTAGAGTACCG
GACGCGTCACAGAGGT-1	Mac	P9_Tumor_GACGCGTCACAGAGGT
GACGCGTCATGTCGAT-1	ASDC	P9_Tumor_GACGCGTCATGTCGAT
GACGCGTGTGAAATCA-1	CD1C	P9_Tumor_GACGCGTGTGAAATCA
GACGGCTAGTCCATAC-1	CLEC9A	P9_Tumor_GACGGCTAGTCCATAC
GACGGCTCACAACTGT-1	Epithelial	P9_Tumor_GACGGCTCACAACTGT
GACGGCTGTGCTGTAT-1	Epithelial	P9_Tumor_GACGGCTGTGCTGTAT
GACGGCTTCGCTTAGA-1	Tcell	P9_Tumor_GACGGCTTCGCTTAGA
GACGTGCCACGGACAA-1	Mac	P9_Tumor_GACGTGCCACGGACAA
GACGTGCCACTTGGAT-1	Mac	P9_Tumor_GACGTGCCACTTGGAT
GACGTGCGTGTCGCTG-1	Mac	P9_Tumor_GACGTGCGTGTCGCTG
GACGTTAAGCACCGTC-1	Mac	P9_Tumor_GACGTTAAGCACCGTC
GACGTTACAATGACCT-1	CD1C	P9_Tumor_GACGTTACAATGACCT
GACGTTAGTAAACCTC-1	CD1C	P9_Tumor_GACGTTAGTAAACCTC
GACGTTAGTACCGCTG-1	CD1C	P9_Tumor_GACGTTAGTACCGCTG
GACTAACCAAGGTGTG-1	CLEC9A	P9_Tumor_GACTAACCAAGGTGTG
GACTACACATCCGCGA-1	ASDC	P9_Tumor_GACTACACATCCGCGA
GACTACAGTTAAGACA-1	ASDC	P9_Tumor_GACTACAGTTAAGACA
GACTACATCGCGCCAA-1	CD1C	P9_Tumor_GACTACATCGCGCCAA
GACTGCGCAGATCGGA-1	Tcell	P9_Tumor_GACTGCGCAGATCGGA
GACTGCGCATTTGCTT-1	LC	P9_Tumor_GACTGCGCATTTGCTT
GACTGCGGTAAGAGAG-1	Epithelial	P9_Tumor_GACTGCGGTAAGAGAG
GACTGCGGTCGGGTCT-1	CLEC9A	P9_Tumor_GACTGCGGTCGGGTCT
GACTGCGGTGAAGGCT-1	CD1C	P9_Tumor_GACTGCGGTGAAGGCT
GACTGCGTCCGGCACA-1	CD1C	P9_Tumor_GACTGCGTCCGGCACA
GACTGCGTCTTGTACT-1	CLEC9A	P9_Tumor_GACTGCGTCTTGTACT
GAGCAGAGTCAACTGT-1	Epithelial	P9_Tumor_GAGCAGAGTCAACTGT
GAGGTGAAGCCAACAG-1	Epithelial	P9_Tumor_GAGGTGAAGCCAACAG
GAGGTGATCACCCGAG-1	Mac	P9_Tumor_GAGGTGATCACCCGAG
GAGGTGATCTCCAACC-1	Mac	P9_Tumor_GAGGTGATCTCCAACC
GAGTCCGAGCGACGTA-1	Mac	P9_Tumor_GAGTCCGAGCGACGTA
GAGTCCGAGGACACCA-1	CLEC9A	P9_Tumor_GAGTCCGAGGACACCA
GAGTCCGGTACAGTTC-1	Mac	P9_Tumor_GAGTCCGGTACAGTTC
GAGTCCGTCAGCTCGG-1	CD1C	P9_Tumor_GAGTCCGTCAGCTCGG
GATCAGTAGAAGCCCA-1	Tcell	P9_Tumor_GATCAGTAGAAGCCCA
GATCAGTAGGCAGTCA-1	Epithelial	P9_Tumor_GATCAGTAGGCAGTCA
GATCAGTCAATGAAAC-1	ASDC	P9_Tumor_GATCAGTCAATGAAAC
GATCAGTCACTTCTGC-1	Epithelial	P9_Tumor_GATCAGTCACTTCTGC
GATCAGTCAGAGCCAA-1	LC	P9_Tumor_GATCAGTCAGAGCCAA
GATCAGTCATAGAAAC-1	Epithelial	P9_Tumor_GATCAGTCATAGAAAC
GATCAGTCATCGATTG-1	CD1C	P9_Tumor_GATCAGTCATCGATTG
GATCAGTCATTAGCCA-1	Epithelial	P9_Tumor_GATCAGTCATTAGCCA
GATCGATCATAGGATA-1	Tcell	P9_Tumor_GATCGATCATAGGATA
GATCGATTCGTTACAG-1	MDSC	P9_Tumor_GATCGATTCGTTACAG
GATCGATTCTTGACGA-1	Tcell	P9_Tumor_GATCGATTCTTGACGA
GATCGCGAGAAACCGC-1	Tcell	P9_Tumor_GATCGCGAGAAACCGC
GATCGCGAGGATGTAT-1	MDSC	P9_Tumor_GATCGCGAGGATGTAT
GATCGCGGTTGTTTGG-1	CD1C	P9_Tumor_GATCGCGGTTGTTTGG
GATCGTAAGATGTGTA-1	Mac	P9_Tumor_GATCGTAAGATGTGTA
GATCGTAGTCGAATCT-1	Tcell	P9_Tumor_GATCGTAGTCGAATCT
GATCGTATCAGTTTGG-1	Mac	P9_Tumor_GATCGTATCAGTTTGG
GATCTAGCACATTAGC-1	Mac	P9_Tumor_GATCTAGCACATTAGC
GATCTAGCAGACAAGC-1	Mac	P9_Tumor_GATCTAGCAGACAAGC
GATCTAGCAGGCAGTA-1	LC	P9_Tumor_GATCTAGCAGGCAGTA
GATCTAGTCTGATTCT-1	CD1C	P9_Tumor_GATCTAGTCTGATTCT
GATGAGGAGGTCGGAT-1	ASDC	P9_Tumor_GATGAGGAGGTCGGAT
GATGAGGAGTACGTTC-1	Epithelial	P9_Tumor_GATGAGGAGTACGTTC
GATGAGGAGTGTTGAA-1	Epithelial	P9_Tumor_GATGAGGAGTGTTGAA
GATGCTAAGATCGATA-1	Mac	P9_Tumor_GATGCTAAGATCGATA
GATGCTAAGGCAGGTT-1	CLEC9A	P9_Tumor_GATGCTAAGGCAGGTT
GATGCTAAGTCAAGGC-1	PDC	P9_Tumor_GATGCTAAGTCAAGGC
GATGCTAGTCTCCATC-1	CLEC9A	P9_Tumor_GATGCTAGTCTCCATC
GATGCTATCGGCCGAT-1	CD1C	P9_Tumor_GATGCTATCGGCCGAT
GATTCAGCAGTGAGTG-1	CD1C	P9_Tumor_GATTCAGCAGTGAGTG
GATTCAGGTCAACTGT-1	CD1C	P9_Tumor_GATTCAGGTCAACTGT
GATTCAGTCAACTCTT-1	CD1C	P9_Tumor_GATTCAGTCAACTCTT
GATTCAGTCGTGGGAA-1	CD1C	P9_Tumor_GATTCAGTCGTGGGAA
GCAAACTCAGATGGCA-1	CD1C	P9_Tumor_GCAAACTCAGATGGCA
GCAAACTCAGTATAAG-1	Mac	P9_Tumor_GCAAACTCAGTATAAG
GCAAACTTCTCCGGTT-1	Mac	P9_Tumor_GCAAACTTCTCCGGTT
GCAATCACAAGCCCAC-1	Mac	P9_Tumor_GCAATCACAAGCCCAC
GCAATCACACCAGGCT-1	Mac	P9_Tumor_GCAATCACACCAGGCT
GCAATCATCAAGGCTT-1	CD1C	P9_Tumor_GCAATCATCAAGGCTT
GCAATCATCAATCTCT-1	Epithelial	P9_Tumor_GCAATCATCAATCTCT
GCAATCATCCGCAGTG-1	CD1C	P9_Tumor_GCAATCATCCGCAGTG
GCACATAAGACCTTTG-1	Epithelial	P9_Tumor_GCACATAAGACCTTTG
GCACATAAGGAGCGTT-1	CD1C	P9_Tumor_GCACATAAGGAGCGTT
GCACATAGTGATAAAC-1	CD1C	P9_Tumor_GCACATAGTGATAAAC
GCACATAGTGATGTCT-1	Mac	P9_Tumor_GCACATAGTGATGTCT
GCACATAGTGCGATAG-1	Mac	P9_Tumor_GCACATAGTGCGATAG
GCACATATCGTGGACC-1	ASDC	P9_Tumor_GCACATATCGTGGACC
GCACTCTAGCGTTTAC-1	Mac	P9_Tumor_GCACTCTAGCGTTTAC
GCACTCTGTTCTGTTT-1	LC	P9_Tumor_GCACTCTGTTCTGTTT
GCACTCTTCCTTGGTC-1	CD1C	P9_Tumor_GCACTCTTCCTTGGTC
GCAGCCACATCTCGCT-1	MDSC	P9_Tumor_GCAGCCACATCTCGCT
GCAGCCAGTTTCCACC-1	Mac	P9_Tumor_GCAGCCAGTTTCCACC
GCAGCCATCTTGCCGT-1	Epithelial	P9_Tumor_GCAGCCATCTTGCCGT
GCAGTTACATTGGCGC-1	CLEC9A	P9_Tumor_GCAGTTACATTGGCGC
GCAGTTAGTGGCTCCA-1	Epithelial	P9_Tumor_GCAGTTAGTGGCTCCA
GCATACACAAAGCAAT-1	Epithelial	P9_Tumor_GCATACACAAAGCAAT
GCATACATCATTATCC-1	Tcell	P9_Tumor_GCATACATCATTATCC
GCATACATCTGCCCTA-1	MDSC	P9_Tumor_GCATACATCTGCCCTA
GCATGATAGCTGTTCA-1	Fibroblast	P9_Tumor_GCATGATAGCTGTTCA
GCATGATGTAGCACGA-1	CLEC9A	P9_Tumor_GCATGATGTAGCACGA
GCATGATGTCCGACGT-1	CLEC9A	P9_Tumor_GCATGATGTCCGACGT
GCATGCGAGTCATGCT-1	Tcell	P9_Tumor_GCATGCGAGTCATGCT
GCATGCGCACAAGACG-1	Mac	P9_Tumor_GCATGCGCACAAGACG
GCATGCGGTCCGTGAC-1	Endothelial_Cell	P9_Tumor_GCATGCGGTCCGTGAC
GCATGCGTCATTCACT-1	Mac	P9_Tumor_GCATGCGTCATTCACT
GCATGCGTCGTACGGC-1	Epithelial	P9_Tumor_GCATGCGTCGTACGGC
GCATGCGTCTTGTATC-1	Mac	P9_Tumor_GCATGCGTCTTGTATC
GCATGTAAGACAGACC-1	Epithelial	P9_Tumor_GCATGTAAGACAGACC
GCATGTAGTGACCAAG-1	CLEC9A	P9_Tumor_GCATGTAGTGACCAAG
GCATGTATCTTGACGA-1	Mac	P9_Tumor_GCATGTATCTTGACGA
GCCAAATGTTGGACCC-1	Mac	P9_Tumor_GCCAAATGTTGGACCC
GCCAAATTCCGCTGTT-1	CLEC9A	P9_Tumor_GCCAAATTCCGCTGTT
GCCTCTAAGAAGGACA-1	CD1C	P9_Tumor_GCCTCTAAGAAGGACA
GCCTCTAAGTGTACGG-1	CLEC9A	P9_Tumor_GCCTCTAAGTGTACGG
GCCTCTAAGTTAGCGG-1	CLEC9A	P9_Tumor_GCCTCTAAGTTAGCGG
GCCTCTACAGTCAGAG-1	CD1C	P9_Tumor_GCCTCTACAGTCAGAG
GCCTCTAGTGCGATAG-1	ASDC	P9_Tumor_GCCTCTAGTGCGATAG
GCCTCTAGTTCTCATT-1	Epithelial	P9_Tumor_GCCTCTAGTTCTCATT
GCCTCTAGTTGTTTGG-1	Mac	P9_Tumor_GCCTCTAGTTGTTTGG
GCCTCTATCAAAGACA-1	CD1C	P9_Tumor_GCCTCTATCAAAGACA
GCGACCAAGGTCGGAT-1	Fibroblast	P9_Tumor_GCGACCAAGGTCGGAT
GCGACCACATCACGTA-1	Mac	P9_Tumor_GCGACCACATCACGTA
GCGCAACAGCGGATCA-1	Mac	P9_Tumor_GCGCAACAGCGGATCA
GCGCAACAGTGTACGG-1	Epithelial	P9_Tumor_GCGCAACAGTGTACGG
GCGCAACGTAATCGTC-1	Mac	P9_Tumor_GCGCAACGTAATCGTC
GCGCAACGTTCGGCAC-1	Epithelial	P9_Tumor_GCGCAACGTTCGGCAC
GCGCAGTGTAGCGCTC-1	Multiplet	P9_Tumor_GCGCAGTGTAGCGCTC
GCGCAGTTCATTGCCC-1	CLEC9A	P9_Tumor_GCGCAGTTCATTGCCC
GCGCCAAAGGCCATAG-1	CD1C	P9_Tumor_GCGCCAAAGGCCATAG
GCGCCAAAGGCGACAT-1	Epithelial	P9_Tumor_GCGCCAAAGGCGACAT
GCGCCAATCCCGACTT-1	ASDC	P9_Tumor_GCGCCAATCCCGACTT
GCGCGATTCCCAAGAT-1	CD1C	P9_Tumor_GCGCGATTCCCAAGAT
GCGCGATTCGATAGAA-1	Mac	P9_Tumor_GCGCGATTCGATAGAA
GCGCGATTCGGAGGTA-1	Mac	P9_Tumor_GCGCGATTCGGAGGTA
GCGGGTTAGCCGATTT-1	Tcell	P9_Tumor_GCGGGTTAGCCGATTT
GCGGGTTCAATCGGTT-1	Epithelial	P9_Tumor_GCGGGTTCAATCGGTT
GCGGGTTCACTATCTT-1	CLEC9A	P9_Tumor_GCGGGTTCACTATCTT
GCGGGTTTCCCTTGTG-1	CLEC9A	P9_Tumor_GCGGGTTTCCCTTGTG
GCGGGTTTCGGAGGTA-1	Mac	P9_Tumor_GCGGGTTTCGGAGGTA
GCGGGTTTCTAACTTC-1	Mac	P9_Tumor_GCGGGTTTCTAACTTC
GCGGGTTTCTCGAGTA-1	CD1C	P9_Tumor_GCGGGTTTCTCGAGTA
GCTCCTAAGGATGGAA-1	Mac	P9_Tumor_GCTCCTAAGGATGGAA
GCTCCTACACCCATGG-1	ASDC	P9_Tumor_GCTCCTACACCCATGG
GCTCCTAGTCACCCAG-1	Epithelial	P9_Tumor_GCTCCTAGTCACCCAG
GCTCCTATCAGCGATT-1	CD1C	P9_Tumor_GCTCCTATCAGCGATT
GCTCTGTGTTCCCTTG-1	ASDC	P9_Tumor_GCTCTGTGTTCCCTTG
GCTCTGTTCACAACGT-1	CD1C	P9_Tumor_GCTCTGTTCACAACGT
GCTGCGAAGCCGGTAA-1	CLEC9A	P9_Tumor_GCTGCGAAGCCGGTAA
GCTGCGATCCAAGCCG-1	Mac	P9_Tumor_GCTGCGATCCAAGCCG
GCTGCGATCTCCAACC-1	CD1C	P9_Tumor_GCTGCGATCTCCAACC
GCTGCTTAGATCTGAA-1	Epithelial	P9_Tumor_GCTGCTTAGATCTGAA
GCTGCTTAGCTCTCGG-1	CLEC9A	P9_Tumor_GCTGCTTAGCTCTCGG
GCTGCTTCACAGAGGT-1	Mac	P9_Tumor_GCTGCTTCACAGAGGT
GCTGCTTCACGAAAGC-1	Mac	P9_Tumor_GCTGCTTCACGAAAGC
GCTGCTTGTTCGGGCT-1	LC	P9_Tumor_GCTGCTTGTTCGGGCT
GCTGCTTTCAGAGACG-1	CD1C	P9_Tumor_GCTGCTTTCAGAGACG
GCTGGGTAGCTCCCAG-1	CD1C	P9_Tumor_GCTGGGTAGCTCCCAG
GCTGGGTAGTGAACAT-1	CD1C	P9_Tumor_GCTGGGTAGTGAACAT
GCTGGGTTCCACTCCA-1	Epithelial	P9_Tumor_GCTGGGTTCCACTCCA
GCTTCCACAGTAGAGC-1	Mac	P9_Tumor_GCTTCCACAGTAGAGC
GCTTCCACAGTCAGCC-1	Mac	P9_Tumor_GCTTCCACAGTCAGCC
GCTTCCAGTTGATTGC-1	Mac	P9_Tumor_GCTTCCAGTTGATTGC
GCTTCCATCTTCTGGC-1	CD1C	P9_Tumor_GCTTCCATCTTCTGGC
GCTTGAAAGCAGCCTC-1	Mac	P9_Tumor_GCTTGAAAGCAGCCTC
GCTTGAACAGCGATCC-1	Mac	P9_Tumor_GCTTGAACAGCGATCC
GCTTGAAGTCGCGGTT-1	CLEC9A	P9_Tumor_GCTTGAAGTCGCGGTT
GCTTGAAGTCTCTCTG-1	B_Cell	P9_Tumor_GCTTGAAGTCTCTCTG
GGAAAGCAGCGGATCA-1	ASDC	P9_Tumor_GGAAAGCAGCGGATCA
GGAAAGCCATCTCGCT-1	Multiplet	P9_Tumor_GGAAAGCCATCTCGCT
GGAAAGCTCCGCGCAA-1	Epithelial	P9_Tumor_GGAAAGCTCCGCGCAA
GGAAAGCTCCTTGGTC-1	CLEC9A	P9_Tumor_GGAAAGCTCCTTGGTC
GGAACTTGTCTCAACA-1	Mac	P9_Tumor_GGAACTTGTCTCAACA
GGAACTTTCATGCATG-1	Tcell	P9_Tumor_GGAACTTTCATGCATG
GGAATAAGTCTGCAAT-1	Multiplet	P9_Tumor_GGAATAAGTCTGCAAT
GGAATAATCGCCCTTA-1	Mac	P9_Tumor_GGAATAATCGCCCTTA
GGACAAGAGCGTTGCC-1	Mac	P9_Tumor_GGACAAGAGCGTTGCC
GGACAAGCAGCTGTTA-1	CLEC9A	P9_Tumor_GGACAAGCAGCTGTTA
GGACAGACATTCTCAT-1	CD1C	P9_Tumor_GGACAGACATTCTCAT
GGACAGAGTCTTTCAT-1	Tcell	P9_Tumor_GGACAGAGTCTTTCAT
GGACAGATCTGTCCGT-1	Epithelial	P9_Tumor_GGACAGATCTGTCCGT
GGACATTAGACATAAC-1	Tcell	P9_Tumor_GGACATTAGACATAAC
GGACATTAGCTCCTCT-1	Mac	P9_Tumor_GGACATTAGCTCCTCT
GGACATTGTCATCGGC-1	ASDC	P9_Tumor_GGACATTGTCATCGGC
GGACATTGTTAAGGGC-1	CD1C	P9_Tumor_GGACATTGTTAAGGGC
GGACGTCCACACAGAG-1	Mac	P9_Tumor_GGACGTCCACACAGAG
GGACGTCCAGGCGATA-1	Epithelial	P9_Tumor_GGACGTCCAGGCGATA
GGACGTCGTGACGGTA-1	Mac	P9_Tumor_GGACGTCGTGACGGTA
GGACGTCTCAACGAAA-1	ASDC	P9_Tumor_GGACGTCTCAACGAAA
GGACGTCTCCGAAGAG-1	Mac	P9_Tumor_GGACGTCTCCGAAGAG
GGAGCAAAGCCCAACC-1	Epithelial	P9_Tumor_GGAGCAAAGCCCAACC
GGAGCAACACCACCAG-1	CLEC9A	P9_Tumor_GGAGCAACACCACCAG
GGATGTTAGAATTCCC-1	CD1C	P9_Tumor_GGATGTTAGAATTCCC
GGATGTTAGACGACGT-1	CD1C	P9_Tumor_GGATGTTAGACGACGT
GGATGTTAGATCCTGT-1	Epithelial	P9_Tumor_GGATGTTAGATCCTGT
GGATGTTAGCGTGAAC-1	Mac	P9_Tumor_GGATGTTAGCGTGAAC
GGATGTTCAAGGACTG-1	Mac	P9_Tumor_GGATGTTCAAGGACTG
GGATGTTGTAAGCACG-1	Epithelial	P9_Tumor_GGATGTTGTAAGCACG
GGATGTTGTGTTAAGA-1	CD1C	P9_Tumor_GGATGTTGTGTTAAGA
GGCAATTGTGCCTGCA-1	Mac	P9_Tumor_GGCAATTGTGCCTGCA
GGCAATTGTTCCGTCT-1	Tcell	P9_Tumor_GGCAATTGTTCCGTCT
GGCAATTGTTTACTCT-1	ASDC	P9_Tumor_GGCAATTGTTTACTCT
GGCAATTTCAAACCGT-1	LC	P9_Tumor_GGCAATTTCAAACCGT
GGCAATTTCCCACTTG-1	CD1C	P9_Tumor_GGCAATTTCCCACTTG
GGCAATTTCCTCAACC-1	Mac	P9_Tumor_GGCAATTTCCTCAACC
GGCAATTTCCTGCCAT-1	CLEC9A	P9_Tumor_GGCAATTTCCTGCCAT
GGCCGATAGGAATCGC-1	LC	P9_Tumor_GGCCGATAGGAATCGC
GGCCGATCAAGGTGTG-1	Melanocyte	P9_Tumor_GGCCGATCAAGGTGTG
GGCCGATCACAGACAG-1	CD1C	P9_Tumor_GGCCGATCACAGACAG
GGCCGATCATTGAGCT-1	Mac	P9_Tumor_GGCCGATCATTGAGCT
GGCCGATGTACGCACC-1	CLEC9A	P9_Tumor_GGCCGATGTACGCACC
GGCCGATTCGCAAACT-1	CLEC9A	P9_Tumor_GGCCGATTCGCAAACT
GGCGACTAGGCCCTTG-1	CD1C	P9_Tumor_GGCGACTAGGCCCTTG
GGCGACTCAAACTGCT-1	Mac	P9_Tumor_GGCGACTCAAACTGCT
GGCGACTCAATAGCAA-1	Mac	P9_Tumor_GGCGACTCAATAGCAA
GGCGACTCAGGAATCG-1	Mac	P9_Tumor_GGCGACTCAGGAATCG
GGCGACTCATGGTCTA-1	Mac	P9_Tumor_GGCGACTCATGGTCTA
GGCGACTCATTTGCCC-1	LC	P9_Tumor_GGCGACTCATTTGCCC
GGCGTGTCAGACTCGC-1	CD1C	P9_Tumor_GGCGTGTCAGACTCGC
GGCGTGTCAGGAACGT-1	Mac	P9_Tumor_GGCGTGTCAGGAACGT
GGCGTGTCATCTGGTA-1	Tcell	P9_Tumor_GGCGTGTCATCTGGTA
GGCGTGTGTCTCTTTA-1	CD1C	P9_Tumor_GGCGTGTGTCTCTTTA
GGCGTGTTCTGATTCT-1	LC	P9_Tumor_GGCGTGTTCTGATTCT
GGCTCGAAGTTCGCAT-1	CD1C	P9_Tumor_GGCTCGAAGTTCGCAT
GGCTCGACAGCTCGCA-1	CD1C	P9_Tumor_GGCTCGACAGCTCGCA
GGCTCGACAGTCGATT-1	CD1C	P9_Tumor_GGCTCGACAGTCGATT
GGCTCGACATCCGGGT-1	CLEC9A	P9_Tumor_GGCTCGACATCCGGGT
GGCTCGACATTACGAC-1	ASDC	P9_Tumor_GGCTCGACATTACGAC
GGCTCGAGTTCGTTGA-1	Epithelial	P9_Tumor_GGCTCGAGTTCGTTGA
GGCTCGATCCTTGGTC-1	Epithelial	P9_Tumor_GGCTCGATCCTTGGTC
GGCTCGATCTGGAGCC-1	Epithelial	P9_Tumor_GGCTCGATCTGGAGCC
GGCTGGTCACGCATCG-1	Mac	P9_Tumor_GGCTGGTCACGCATCG
GGCTGGTCAGCCAGAA-1	Epithelial	P9_Tumor_GGCTGGTCAGCCAGAA
GGCTGGTTCCGCAGTG-1	LC	P9_Tumor_GGCTGGTTCCGCAGTG
GGCTGGTTCGCTGATA-1	Mac	P9_Tumor_GGCTGGTTCGCTGATA
GGCTGGTTCTTAGAGC-1	CD1C	P9_Tumor_GGCTGGTTCTTAGAGC
GGGAATGCACCAGTTA-1	CD1C	P9_Tumor_GGGAATGCACCAGTTA
GGGAATGTCAGTCAGT-1	CLEC9A	P9_Tumor_GGGAATGTCAGTCAGT
GGGACCTAGTGGGTTG-1	ASDC	P9_Tumor_GGGACCTAGTGGGTTG
GGGACCTTCTGGTGTA-1	Mac	P9_Tumor_GGGACCTTCTGGTGTA
GGGAGATTCAGAGCTT-1	CD1C	P9_Tumor_GGGAGATTCAGAGCTT
GGGATGAGTCTCGTTC-1	Epithelial	P9_Tumor_GGGATGAGTCTCGTTC
GGGATGATCGGCTTGG-1	CD1C	P9_Tumor_GGGATGATCGGCTTGG
GGGCACTCAAGTTAAG-1	Mac	P9_Tumor_GGGCACTCAAGTTAAG
GGGCACTCAGGGTTAG-1	Epithelial	P9_Tumor_GGGCACTCAGGGTTAG
GGGCACTGTTCCGTCT-1	CD1C	P9_Tumor_GGGCACTGTTCCGTCT
GGGCACTTCAAAGTAG-1	ASDC	P9_Tumor_GGGCACTTCAAAGTAG
GGGCACTTCGCATGAT-1	CD1C	P9_Tumor_GGGCACTTCGCATGAT
GGGCACTTCGCCGTGA-1	CD1C	P9_Tumor_GGGCACTTCGCCGTGA
GGGCATCGTCTTCGTC-1	CD1C	P9_Tumor_GGGCATCGTCTTCGTC
GGGCATCGTTACGACT-1	Tcell	P9_Tumor_GGGCATCGTTACGACT
GGGTCTGCAGACAAGC-1	Epithelial	P9_Tumor_GGGTCTGCAGACAAGC
GGGTCTGGTACCAGTT-1	Mac	P9_Tumor_GGGTCTGGTACCAGTT
GGGTCTGGTTCACCTC-1	LC	P9_Tumor_GGGTCTGGTTCACCTC
GGGTTGCAGGCTAGCA-1	Epithelial	P9_Tumor_GGGTTGCAGGCTAGCA
GGGTTGCAGGTGCTTT-1	CLEC9A	P9_Tumor_GGGTTGCAGGTGCTTT
GGGTTGCCACCACCAG-1	Epithelial	P9_Tumor_GGGTTGCCACCACCAG
GGGTTGCTCGCCTGAG-1	Mac	P9_Tumor_GGGTTGCTCGCCTGAG
GGTATTGAGCCTTGAT-1	Epithelial	P9_Tumor_GGTATTGAGCCTTGAT
GGTATTGCAATACGCT-1	CD1C	P9_Tumor_GGTATTGCAATACGCT
GGTATTGCATCGATTG-1	CD1C	P9_Tumor_GGTATTGCATCGATTG
GGTGAAGAGGCTATCT-1	CD1C	P9_Tumor_GGTGAAGAGGCTATCT
GGTGCGTAGAACTGTA-1	Epithelial	P9_Tumor_GGTGCGTAGAACTGTA
GGTGCGTCACTTACGA-1	Epithelial	P9_Tumor_GGTGCGTCACTTACGA
GGTGCGTTCCTGCCAT-1	ASDC	P9_Tumor_GGTGCGTTCCTGCCAT
GGTGTTAAGGGCTCTC-1	Epithelial	P9_Tumor_GGTGTTAAGGGCTCTC
GGTGTTACAAGAGTCG-1	Epithelial	P9_Tumor_GGTGTTACAAGAGTCG
GGTGTTAGTCTTGCGG-1	CD1C	P9_Tumor_GGTGTTAGTCTTGCGG
GTAACGTAGATCTGCT-1	CD1C	P9_Tumor_GTAACGTAGATCTGCT
GTAACGTTCCACGTTC-1	Epithelial	P9_Tumor_GTAACGTTCCACGTTC
GTAACGTTCCGCATAA-1	Mac	P9_Tumor_GTAACGTTCCGCATAA
GTAACTGAGGACCACA-1	Epithelial	P9_Tumor_GTAACTGAGGACCACA
GTAACTGAGGCAATTA-1	Epithelial	P9_Tumor_GTAACTGAGGCAATTA
GTAACTGAGGGAGTAA-1	Mac	P9_Tumor_GTAACTGAGGGAGTAA
GTAACTGGTTTAAGCC-1	CD1C	P9_Tumor_GTAACTGGTTTAAGCC
GTAACTGTCCGATATG-1	Tcell	P9_Tumor_GTAACTGTCCGATATG
GTACGTAAGACTGTAA-1	Epithelial	P9_Tumor_GTACGTAAGACTGTAA
GTACGTAAGTTGTCGT-1	LC	P9_Tumor_GTACGTAAGTTGTCGT
GTACGTACACAAGTAA-1	Epithelial	P9_Tumor_GTACGTACACAAGTAA
GTACGTACACCTCGTT-1	Epithelial	P9_Tumor_GTACGTACACCTCGTT
GTACGTAGTCACTGGC-1	Epithelial	P9_Tumor_GTACGTAGTCACTGGC
GTACGTAGTCTCTTAT-1	CD1C	P9_Tumor_GTACGTAGTCTCTTAT
GTACTCCCACTATCTT-1	CLEC9A	P9_Tumor_GTACTCCCACTATCTT
GTACTCCGTCTACCTC-1	Mac	P9_Tumor_GTACTCCGTCTACCTC
GTACTCCGTGTCGCTG-1	Epithelial	P9_Tumor_GTACTCCGTGTCGCTG
GTACTCCTCAAAGACA-1	ASDC	P9_Tumor_GTACTCCTCAAAGACA
GTACTCCTCCTTCAAT-1	Mac	P9_Tumor_GTACTCCTCCTTCAAT
GTACTTTAGCCGGTAA-1	Epithelial	P9_Tumor_GTACTTTAGCCGGTAA
GTACTTTAGTCCTCCT-1	Epithelial	P9_Tumor_GTACTTTAGTCCTCCT
GTACTTTTCTGCGACG-1	Mac	P9_Tumor_GTACTTTTCTGCGACG
GTAGGCCCATGTTCCC-1	Epithelial	P9_Tumor_GTAGGCCCATGTTCCC
GTAGGCCGTGCATCTA-1	CLEC9A	P9_Tumor_GTAGGCCGTGCATCTA
GTAGGCCTCCTGCCAT-1	CLEC9A	P9_Tumor_GTAGGCCTCCTGCCAT
GTAGGCCTCTGGCGTG-1	CD1C	P9_Tumor_GTAGGCCTCTGGCGTG
GTAGTCATCATGCATG-1	Tcell	P9_Tumor_GTAGTCATCATGCATG
GTATCTTAGCTGTTCA-1	Mac	P9_Tumor_GTATCTTAGCTGTTCA
GTATCTTCACACTGCG-1	CD1C	P9_Tumor_GTATCTTCACACTGCG
GTATCTTCAGAGTGTG-1	Tcell	P9_Tumor_GTATCTTCAGAGTGTG
GTATCTTGTAGCCTCG-1	CD1C	P9_Tumor_GTATCTTGTAGCCTCG
GTATTCTAGCGTTGCC-1	Epithelial	P9_Tumor_GTATTCTAGCGTTGCC
GTATTCTCAGATCCAT-1	Epithelial	P9_Tumor_GTATTCTCAGATCCAT
GTATTCTCAGCCACCA-1	CD1C	P9_Tumor_GTATTCTCAGCCACCA
GTATTCTCATGGTAGG-1	Mac	P9_Tumor_GTATTCTCATGGTAGG
GTATTCTTCCTAAGTG-1	Epithelial	P9_Tumor_GTATTCTTCCTAAGTG
GTCAAGTAGTAGCCGA-1	CD1C	P9_Tumor_GTCAAGTAGTAGCCGA
GTCAAGTGTACAGTGG-1	Mac	P9_Tumor_GTCAAGTGTACAGTGG
GTCAAGTTCTGCGGCA-1	CD1C	P9_Tumor_GTCAAGTTCTGCGGCA
GTCACAAAGGCGACAT-1	Epithelial	P9_Tumor_GTCACAAAGGCGACAT
GTCACAACACCCTATC-1	Mac	P9_Tumor_GTCACAACACCCTATC
GTCACAATCGTGGACC-1	CD1C	P9_Tumor_GTCACAATCGTGGACC
GTCACGGCACCTGGTG-1	Epithelial	P9_Tumor_GTCACGGCACCTGGTG
GTCACGGGTCGCGAAA-1	Mac	P9_Tumor_GTCACGGGTCGCGAAA
GTCACGGGTGCGGTAA-1	CD1C	P9_Tumor_GTCACGGGTGCGGTAA
GTCATTTAGTGCAAGC-1	Mac	P9_Tumor_GTCATTTAGTGCAAGC
GTCATTTGTCTAGGTT-1	CD1C	P9_Tumor_GTCATTTGTCTAGGTT
GTCATTTTCTATCGCC-1	CD1C	P9_Tumor_GTCATTTTCTATCGCC
GTCCTCAAGCCCAGCT-1	LC	P9_Tumor_GTCCTCAAGCCCAGCT
GTCCTCATCTCTGAGA-1	CD1C	P9_Tumor_GTCCTCATCTCTGAGA
GTCGGGTCACATTAGC-1	CD1C	P9_Tumor_GTCGGGTCACATTAGC
GTCGGGTCATGCAACT-1	Epithelial	P9_Tumor_GTCGGGTCATGCAACT
GTCGGGTGTACGAAAT-1	Mac	P9_Tumor_GTCGGGTGTACGAAAT
GTCGTAACAGGACCCT-1	Mac	P9_Tumor_GTCGTAACAGGACCCT
GTCGTAACAGTATGCT-1	Epithelial	P9_Tumor_GTCGTAACAGTATGCT
GTCTCGTAGAGCTGGT-1	Mac	P9_Tumor_GTCTCGTAGAGCTGGT
GTCTCGTCAGTACACT-1	CD1C	P9_Tumor_GTCTCGTCAGTACACT
GTCTCGTGTCCGAATT-1	CD1C	P9_Tumor_GTCTCGTGTCCGAATT
GTCTTCGCAAGCCGTC-1	Mac	P9_Tumor_GTCTTCGCAAGCCGTC
GTCTTCGGTATCACCA-1	Epithelial	P9_Tumor_GTCTTCGGTATCACCA
GTCTTCGTCGTTGCCT-1	Mac	P9_Tumor_GTCTTCGTCGTTGCCT
GTCTTCGTCTCGTATT-1	Mac	P9_Tumor_GTCTTCGTCTCGTATT
GTGAAGGCATCTATGG-1	Mac	P9_Tumor_GTGAAGGCATCTATGG
GTGAAGGGTCGCCATG-1	MDSC	P9_Tumor_GTGAAGGGTCGCCATG
GTGAAGGTCATCACCC-1	Epithelial	P9_Tumor_GTGAAGGTCATCACCC
GTGCAGCAGCTCCTTC-1	Mac	P9_Tumor_GTGCAGCAGCTCCTTC
GTGCAGCGTAAATGTG-1	Epithelial	P9_Tumor_GTGCAGCGTAAATGTG
GTGCAGCGTGTCGCTG-1	LC	P9_Tumor_GTGCAGCGTGTCGCTG
GTGCATACAGGGTTAG-1	Epithelial	P9_Tumor_GTGCATACAGGGTTAG
GTGCATAGTACAGTTC-1	CLEC9A	P9_Tumor_GTGCATAGTACAGTTC
GTGCATAGTGCACGAA-1	Mac	P9_Tumor_GTGCATAGTGCACGAA
GTGCATATCCTCATTA-1	Epithelial	P9_Tumor_GTGCATATCCTCATTA
GTGCGGTAGAATGTGT-1	CLEC9A	P9_Tumor_GTGCGGTAGAATGTGT
GTGCGGTAGAGAACAG-1	Epithelial	P9_Tumor_GTGCGGTAGAGAACAG
GTGCGGTAGAGTGAGA-1	CD1C	P9_Tumor_GTGCGGTAGAGTGAGA
GTGCGGTAGGTGATAT-1	Mac	P9_Tumor_GTGCGGTAGGTGATAT
GTGCGGTCATCACGAT-1	Epithelial	P9_Tumor_GTGCGGTCATCACGAT
GTGCGGTGTATTCTCT-1	Mac	P9_Tumor_GTGCGGTGTATTCTCT
GTGCGGTGTCTCTCTG-1	Epithelial	P9_Tumor_GTGCGGTGTCTCTCTG
GTGCGGTGTGGTAACG-1	CD1C	P9_Tumor_GTGCGGTGTGGTAACG
GTGCTTCAGTCAAGGC-1	Epithelial	P9_Tumor_GTGCTTCAGTCAAGGC
GTGCTTCGTTCGTCTC-1	ASDC	P9_Tumor_GTGCTTCGTTCGTCTC
GTGGGTCAGACGACGT-1	Epithelial	P9_Tumor_GTGGGTCAGACGACGT
GTGGGTCAGGCCGAAT-1	Epithelial	P9_Tumor_GTGGGTCAGGCCGAAT
GTGGGTCAGGCGTACA-1	CD1C	P9_Tumor_GTGGGTCAGGCGTACA
GTGGGTCCAGCTCCGA-1	CLEC9A	P9_Tumor_GTGGGTCCAGCTCCGA
GTGGGTCCAGTAGAGC-1	CD1C	P9_Tumor_GTGGGTCCAGTAGAGC
GTGGGTCGTCATACTG-1	Mac	P9_Tumor_GTGGGTCGTCATACTG
GTGTGCGAGCCCTAAT-1	CD1C	P9_Tumor_GTGTGCGAGCCCTAAT
GTGTGCGCAGCTGTAT-1	Epithelial	P9_Tumor_GTGTGCGCAGCTGTAT
GTGTGCGGTCGGATCC-1	Epithelial	P9_Tumor_GTGTGCGGTCGGATCC
GTGTGCGGTGATGTCT-1	Epithelial	P9_Tumor_GTGTGCGGTGATGTCT
GTGTGCGTCAGAGGTG-1	Mac	P9_Tumor_GTGTGCGTCAGAGGTG
GTGTTAGAGAGTACAT-1	Endothelial_Cell	P9_Tumor_GTGTTAGAGAGTACAT
GTGTTAGAGTGTTGAA-1	CLEC9A	P9_Tumor_GTGTTAGAGTGTTGAA
GTGTTAGGTAGCTGCC-1	MDSC	P9_Tumor_GTGTTAGGTAGCTGCC
GTGTTAGGTTCGTTGA-1	ASDC	P9_Tumor_GTGTTAGGTTCGTTGA
GTGTTAGTCACCCTCA-1	Tcell	P9_Tumor_GTGTTAGTCACCCTCA
GTTAAGCAGTCAATAG-1	CLEC9A	P9_Tumor_GTTAAGCAGTCAATAG
GTTAAGCAGTCGTTTG-1	MDSC	P9_Tumor_GTTAAGCAGTCGTTTG
GTTAAGCGTACGAAAT-1	CD1C	P9_Tumor_GTTAAGCGTACGAAAT
GTTAAGCTCTACCAGA-1	Epithelial	P9_Tumor_GTTAAGCTCTACCAGA
GTTACAGAGATGCCTT-1	Mac	P9_Tumor_GTTACAGAGATGCCTT
GTTACAGAGGCAAAGA-1	CD1C	P9_Tumor_GTTACAGAGGCAAAGA
GTTCATTAGAGTGAGA-1	Mac	P9_Tumor_GTTCATTAGAGTGAGA
GTTCATTTCCCTGACT-1	CLEC9A	P9_Tumor_GTTCATTTCCCTGACT
GTTCGGGAGTGAACGC-1	CLEC9A	P9_Tumor_GTTCGGGAGTGAACGC
GTTCGGGAGTTCCACA-1	Mac	P9_Tumor_GTTCGGGAGTTCCACA
GTTCGGGCAGTAAGCG-1	CD1C	P9_Tumor_GTTCGGGCAGTAAGCG
GTTCGGGGTTGAACTC-1	CLEC9A	P9_Tumor_GTTCGGGGTTGAACTC
GTTCGGGTCAGTGTTG-1	CD1C	P9_Tumor_GTTCGGGTCAGTGTTG
GTTCTCGGTTATGCGT-1	ASDC	P9_Tumor_GTTCTCGGTTATGCGT
GTTCTCGGTTCCGGCA-1	CLEC9A	P9_Tumor_GTTCTCGGTTCCGGCA
GTTCTCGTCAACACCA-1	Mac	P9_Tumor_GTTCTCGTCAACACCA
GTTTCTAAGAGTAAGG-1	Mac	P9_Tumor_GTTTCTAAGAGTAAGG
GTTTCTACACAAGCCC-1	Mac	P9_Tumor_GTTTCTACACAAGCCC
GTTTCTACACCACCAG-1	Mac	P9_Tumor_GTTTCTACACCACCAG
GTTTCTACAGGACCCT-1	Multiplet	P9_Tumor_GTTTCTACAGGACCCT
GTTTCTAGTTCCAACA-1	Mac	P9_Tumor_GTTTCTAGTTCCAACA
GTTTCTATCTATGTGG-1	Mac	P9_Tumor_GTTTCTATCTATGTGG
TAAACCGAGTGGGATC-1	Mac	P9_Tumor_TAAACCGAGTGGGATC
TAAACCGCATGTAGTC-1	Multiplet	P9_Tumor_TAAACCGCATGTAGTC
TAAACCGGTCAAAGCG-1	Mac	P9_Tumor_TAAACCGGTCAAAGCG
TAAACCGTCGCCAAAT-1	Tcell	P9_Tumor_TAAACCGTCGCCAAAT
TAAGAGACATCCGCGA-1	CLEC9A	P9_Tumor_TAAGAGACATCCGCGA
TAAGCGTAGAGCTATA-1	Epithelial	P9_Tumor_TAAGCGTAGAGCTATA
TAAGCGTCACTGCCAG-1	CLEC9A	P9_Tumor_TAAGCGTCACTGCCAG
TAAGCGTGTAGGGTAC-1	Tcell	P9_Tumor_TAAGCGTGTAGGGTAC
TAAGCGTTCCAAACTG-1	CD1C	P9_Tumor_TAAGCGTTCCAAACTG
TAAGCGTTCTTGTACT-1	CD1C	P9_Tumor_TAAGCGTTCTTGTACT
TAAGTGCAGCAGATCG-1	CD1C	P9_Tumor_TAAGTGCAGCAGATCG
TAAGTGCAGTGGAGTC-1	Tcell	P9_Tumor_TAAGTGCAGTGGAGTC
TAAGTGCCAATTGCTG-1	Mac	P9_Tumor_TAAGTGCCAATTGCTG
TAAGTGCGTACGACCC-1	Multiplet	P9_Tumor_TAAGTGCGTACGACCC
TAAGTGCGTCGAGATG-1	Mac	P9_Tumor_TAAGTGCGTCGAGATG
TACACGACATAGACTC-1	CD1C	P9_Tumor_TACACGACATAGACTC
TACACGAGTGCCTGGT-1	LC	P9_Tumor_TACACGAGTGCCTGGT
TACAGTGGTGCCTGCA-1	Epithelial	P9_Tumor_TACAGTGGTGCCTGCA
TACCTATGTCTACCTC-1	Mac	P9_Tumor_TACCTATGTCTACCTC
TACCTTAAGGATGGTC-1	Epithelial	P9_Tumor_TACCTTAAGGATGGTC
TACCTTACAAGCTGTT-1	CD1C	P9_Tumor_TACCTTACAAGCTGTT
TACCTTACATAGGATA-1	Tcell	P9_Tumor_TACCTTACATAGGATA
TACCTTAGTAACGACG-1	CLEC9A	P9_Tumor_TACCTTAGTAACGACG
TACCTTAGTAGCTAAA-1	LC	P9_Tumor_TACCTTAGTAGCTAAA
TACCTTAGTCTCCACT-1	CLEC9A	P9_Tumor_TACCTTAGTCTCCACT
TACCTTATCATAACCG-1	MDSC	P9_Tumor_TACCTTATCATAACCG
TACCTTATCGAATGGG-1	Epithelial	P9_Tumor_TACCTTATCGAATGGG
TACGGATAGGGAGTAA-1	ASDC	P9_Tumor_TACGGATAGGGAGTAA
TACGGATAGGTGCTAG-1	Epithelial	P9_Tumor_TACGGATAGGTGCTAG
TACGGATCACTGTGTA-1	Endothelial_Cell	P9_Tumor_TACGGATCACTGTGTA
TACGGATGTAGTAGTA-1	Tcell	P9_Tumor_TACGGATGTAGTAGTA
TACGGATTCCAAGCCG-1	CD1C	P9_Tumor_TACGGATTCCAAGCCG
TACGGGCTCCACGTGG-1	CD1C	P9_Tumor_TACGGGCTCCACGTGG
TACGGTAAGAGATGAG-1	MDSC	P9_Tumor_TACGGTAAGAGATGAG
TACGGTACAATCCGAT-1	Epithelial	P9_Tumor_TACGGTACAATCCGAT
TACGGTACACCGTTGG-1	Mac	P9_Tumor_TACGGTACACCGTTGG
TACGGTACACGTCAGC-1	Epithelial	P9_Tumor_TACGGTACACGTCAGC
TACGGTAGTACATCCA-1	Epithelial	P9_Tumor_TACGGTAGTACATCCA
TACGGTAGTCGTTGTA-1	CLEC9A	P9_Tumor_TACGGTAGTCGTTGTA
TACTCATAGTAACCCT-1	Tcell	P9_Tumor_TACTCATAGTAACCCT
TACTCATCAGTCCTTC-1	Epithelial	P9_Tumor_TACTCATCAGTCCTTC
TACTCATGTAGAAGGA-1	CD1C	P9_Tumor_TACTCATGTAGAAGGA
TACTCGCAGACGCAAC-1	Epithelial	P9_Tumor_TACTCGCAGACGCAAC
TACTCGCAGCGATCCC-1	ASDC	P9_Tumor_TACTCGCAGCGATCCC
TACTCGCCAGGATCGA-1	ASDC	P9_Tumor_TACTCGCCAGGATCGA
TACTCGCTCCAAACTG-1	CD1C	P9_Tumor_TACTCGCTCCAAACTG
TACTCGCTCTCTTATG-1	Epithelial	P9_Tumor_TACTCGCTCTCTTATG
TACTTACGTTACAGAA-1	LC	P9_Tumor_TACTTACGTTACAGAA
TACTTACGTTCATGGT-1	Epithelial	P9_Tumor_TACTTACGTTCATGGT
TACTTACTCAGATAAG-1	Mac	P9_Tumor_TACTTACTCAGATAAG
TACTTGTGTGCTCTTC-1	Epithelial	P9_Tumor_TACTTGTGTGCTCTTC
TACTTGTTCAAACGGG-1	CLEC9A	P9_Tumor_TACTTGTTCAAACGGG
TAGACCAAGGGTGTGT-1	CD1C	P9_Tumor_TAGACCAAGGGTGTGT
TAGACCAGTAAGTTCC-1	Tcell	P9_Tumor_TAGACCAGTAAGTTCC
TAGACCAGTCCTGCTT-1	CD1C	P9_Tumor_TAGACCAGTCCTGCTT
TAGACCATCACCATAG-1	CD1C	P9_Tumor_TAGACCATCACCATAG
TAGAGCTAGCTATGCT-1	CLEC9A	P9_Tumor_TAGAGCTAGCTATGCT
TAGAGCTAGGATGGTC-1	Mac	P9_Tumor_TAGAGCTAGGATGGTC
TAGAGCTAGTACATGA-1	Mac	P9_Tumor_TAGAGCTAGTACATGA
TAGAGCTCAAGTAATG-1	Tcell	P9_Tumor_TAGAGCTCAAGTAATG
TAGAGCTCACGAAGCA-1	CD1C	P9_Tumor_TAGAGCTCACGAAGCA
TAGAGCTGTAGCAAAT-1	Tcell	P9_Tumor_TAGAGCTGTAGCAAAT
TAGAGCTGTCTTCAAG-1	Epithelial	P9_Tumor_TAGAGCTGTCTTCAAG
TAGAGCTGTTACGACT-1	Mac	P9_Tumor_TAGAGCTGTTACGACT
TAGAGCTGTTCCACTC-1	LC	P9_Tumor_TAGAGCTGTTCCACTC
TAGAGCTTCTTAGCCC-1	Mac	P9_Tumor_TAGAGCTTCTTAGCCC
TAGCCGGAGGAATCGC-1	Epithelial	P9_Tumor_TAGCCGGAGGAATCGC
TAGCCGGCAAGCCATT-1	ASDC	P9_Tumor_TAGCCGGCAAGCCATT
TAGCCGGGTAAGGGAA-1	Mac	P9_Tumor_TAGCCGGGTAAGGGAA
TAGGCATAGCACCGTC-1	Multiplet	P9_Tumor_TAGGCATAGCACCGTC
TAGGCATAGGGTATCG-1	Mac	P9_Tumor_TAGGCATAGGGTATCG
TAGGCATAGTACACCT-1	CLEC9A	P9_Tumor_TAGGCATAGTACACCT
TAGGCATGTAAATACG-1	CD1C	P9_Tumor_TAGGCATGTAAATACG
TAGGCATGTGCAGGTA-1	Epithelial	P9_Tumor_TAGGCATGTGCAGGTA
TAGGCATGTTGGACCC-1	CD1C	P9_Tumor_TAGGCATGTTGGACCC
TAGGCATTCCTACAGA-1	Mac	P9_Tumor_TAGGCATTCCTACAGA
TAGGCATTCGCCAAAT-1	Mac	P9_Tumor_TAGGCATTCGCCAAAT
TAGGCATTCGGCGGTT-1	CLEC9A	P9_Tumor_TAGGCATTCGGCGGTT
TAGGCATTCTTACCTA-1	Tcell	P9_Tumor_TAGGCATTCTTACCTA
TAGTGGTCAAACGTGG-1	CD1C	P9_Tumor_TAGTGGTCAAACGTGG
TAGTGGTCAGCTGTTA-1	Mac	P9_Tumor_TAGTGGTCAGCTGTTA
TAGTTGGGTCGGCTCA-1	Mac	P9_Tumor_TAGTTGGGTCGGCTCA
TAGTTGGGTGGTACAG-1	Epithelial	P9_Tumor_TAGTTGGGTGGTACAG
TAGTTGGTCCAACCAA-1	CD1C	P9_Tumor_TAGTTGGTCCAACCAA
TAGTTGGTCCGCGCAA-1	CD1C	P9_Tumor_TAGTTGGTCCGCGCAA
TAGTTGGTCTTGTATC-1	Mac	P9_Tumor_TAGTTGGTCTTGTATC
TATCAGGAGGGCTCTC-1	MDSC	P9_Tumor_TATCAGGAGGGCTCTC
TATCAGGAGGTGACCA-1	Mac	P9_Tumor_TATCAGGAGGTGACCA
TATCAGGGTAGCCTCG-1	Epithelial	P9_Tumor_TATCAGGGTAGCCTCG
TATCTCAAGAACTGTA-1	Mac	P9_Tumor_TATCTCAAGAACTGTA
TATCTCAAGATCCCGC-1	CD1C	P9_Tumor_TATCTCAAGATCCCGC
TATCTCAGTCGTGGCT-1	ASDC	P9_Tumor_TATCTCAGTCGTGGCT
TATCTCAGTCTTCTCG-1	Tcell	P9_Tumor_TATCTCAGTCTTCTCG
TATCTCAGTTAAAGAC-1	Tcell	P9_Tumor_TATCTCAGTTAAAGAC
TATCTCAGTTGTGGCC-1	Mac	P9_Tumor_TATCTCAGTTGTGGCC
TATCTCATCCAATGGT-1	Mac	P9_Tumor_TATCTCATCCAATGGT
TATGCCCAGCCTATGT-1	Mac	P9_Tumor_TATGCCCAGCCTATGT
TATGCCCAGTAGCCGA-1	Tcell	P9_Tumor_TATGCCCAGTAGCCGA
TATGCCCGTATAGGGC-1	Tcell	P9_Tumor_TATGCCCGTATAGGGC
TATGCCCGTGCTCTTC-1	CLEC9A	P9_Tumor_TATGCCCGTGCTCTTC
TATTACCAGTCAAGGC-1	ASDC	P9_Tumor_TATTACCAGTCAAGGC
TATTACCCACGAGAGT-1	Tcell	P9_Tumor_TATTACCCACGAGAGT
TATTACCGTGATGTCT-1	LC	P9_Tumor_TATTACCGTGATGTCT
TCAACGAGTATGCTTG-1	CD1C	P9_Tumor_TCAACGAGTATGCTTG
TCAATCTAGTGGTAAT-1	Mac	P9_Tumor_TCAATCTAGTGGTAAT
TCAATCTCACCATCCT-1	Epithelial	P9_Tumor_TCAATCTCACCATCCT
TCAATCTTCTGGGCCA-1	Epithelial	P9_Tumor_TCAATCTTCTGGGCCA
TCACAAGAGTGGTAAT-1	CD1C	P9_Tumor_TCACAAGAGTGGTAAT
TCACAAGGTCACAAGG-1	Tcell	P9_Tumor_TCACAAGGTCACAAGG
TCACAAGGTCTGCAAT-1	Epithelial	P9_Tumor_TCACAAGGTCTGCAAT
TCACAAGTCACGCGGT-1	CD1C	P9_Tumor_TCACAAGTCACGCGGT
TCACAAGTCCTAGGGC-1	Epithelial	P9_Tumor_TCACAAGTCCTAGGGC
TCACGAAGTCAGAATA-1	ASDC	P9_Tumor_TCACGAAGTCAGAATA
TCACGAAGTTAGGGTG-1	Epithelial	P9_Tumor_TCACGAAGTTAGGGTG
TCACGAAGTTGCGCAC-1	Mac	P9_Tumor_TCACGAAGTTGCGCAC
TCACGAAGTTGCTCCT-1	Tcell	P9_Tumor_TCACGAAGTTGCTCCT
TCACGAATCCTGCCAT-1	MDSC	P9_Tumor_TCACGAATCCTGCCAT
TCAGATGAGGACAGCT-1	Mac	P9_Tumor_TCAGATGAGGACAGCT
TCAGATGGTCAGATAA-1	Mac	P9_Tumor_TCAGATGGTCAGATAA
TCAGATGTCAAACAAG-1	CD1C	P9_Tumor_TCAGATGTCAAACAAG
TCAGCAAAGCTCCTTC-1	CD1C	P9_Tumor_TCAGCAAAGCTCCTTC
TCAGCAAAGCTGCCCA-1	Mac	P9_Tumor_TCAGCAAAGCTGCCCA
TCAGCAACAATAAGCA-1	CD1C	P9_Tumor_TCAGCAACAATAAGCA
TCAGCAACAATGTAAG-1	Epithelial	P9_Tumor_TCAGCAACAATGTAAG
TCAGCAACAGGGATTG-1	Epithelial	P9_Tumor_TCAGCAACAGGGATTG
TCAGCAAGTCGCATCG-1	Mac	P9_Tumor_TCAGCAAGTCGCATCG
TCAGCTCGTACGCTGC-1	Epithelial	P9_Tumor_TCAGCTCGTACGCTGC
TCAGGATCAGTACACT-1	CD1C	P9_Tumor_TCAGGATCAGTACACT
TCAGGATTCTAGAGTC-1	CD1C	P9_Tumor_TCAGGATTCTAGAGTC
TCAGGTAAGATCTGAA-1	CD1C	P9_Tumor_TCAGGTAAGATCTGAA
TCAGGTAAGTTTAGGA-1	CD1C	P9_Tumor_TCAGGTAAGTTTAGGA
TCAGGTACAGCTGTGC-1	CLEC9A	P9_Tumor_TCAGGTACAGCTGTGC
TCAGGTAGTTCCACTC-1	Mac	P9_Tumor_TCAGGTAGTTCCACTC
TCAGGTATCGTTGCCT-1	Mac	P9_Tumor_TCAGGTATCGTTGCCT
TCATTACAGACAGACC-1	Tcell	P9_Tumor_TCATTACAGACAGACC
TCATTACAGCGTGAGT-1	Mac	P9_Tumor_TCATTACAGCGTGAGT
TCATTACCAACGCACC-1	CD1C	P9_Tumor_TCATTACCAACGCACC
TCATTACGTTGATTCG-1	Mac	P9_Tumor_TCATTACGTTGATTCG
TCATTACTCAGTTTGG-1	Epithelial	P9_Tumor_TCATTACTCAGTTTGG
TCATTACTCCGATATG-1	Mac	P9_Tumor_TCATTACTCCGATATG
TCATTACTCTCGCTTG-1	CD1C	P9_Tumor_TCATTACTCTCGCTTG
TCATTTGGTGTGACCC-1	Epithelial	P9_Tumor_TCATTTGGTGTGACCC
TCATTTGTCATGTAGC-1	Mac	P9_Tumor_TCATTTGTCATGTAGC
TCATTTGTCGCCCTTA-1	ASDC	P9_Tumor_TCATTTGTCGCCCTTA
TCCACACAGATGCCAG-1	Mac	P9_Tumor_TCCACACAGATGCCAG
TCCACACAGCTAGGCA-1	CLEC9A	P9_Tumor_TCCACACAGCTAGGCA
TCCACACAGTTCGCAT-1	Mac	P9_Tumor_TCCACACAGTTCGCAT
TCCACACGTATGAATG-1	LC	P9_Tumor_TCCACACGTATGAATG
TCCACACGTTCTGTTT-1	Epithelial	P9_Tumor_TCCACACGTTCTGTTT
TCCCGATAGATGTTAG-1	CD1C	P9_Tumor_TCCCGATAGATGTTAG
TCCCGATGTGTGAAAT-1	Mac	P9_Tumor_TCCCGATGTGTGAAAT
TCCCGATTCAGGCGAA-1	CLEC9A	P9_Tumor_TCCCGATTCAGGCGAA
TCGAGGCCAAGCCGTC-1	Epithelial	P9_Tumor_TCGAGGCCAAGCCGTC
TCGAGGCCATTTCAGG-1	CD1C	P9_Tumor_TCGAGGCCATTTCAGG
TCGAGGCGTAAGTAGT-1	Mac	P9_Tumor_TCGAGGCGTAAGTAGT
TCGAGGCGTACCAGTT-1	Mac	P9_Tumor_TCGAGGCGTACCAGTT
TCGAGGCGTAGCTCCG-1	CLEC9A	P9_Tumor_TCGAGGCGTAGCTCCG
TCGAGGCGTCCGAACC-1	Mac	P9_Tumor_TCGAGGCGTCCGAACC
TCGAGGCTCTTTAGTC-1	Epithelial	P9_Tumor_TCGAGGCTCTTTAGTC
TCGCGAGAGGCCCGTT-1	CD1C	P9_Tumor_TCGCGAGAGGCCCGTT
TCGCGAGCAATGAATG-1	Tcell	P9_Tumor_TCGCGAGCAATGAATG
TCGCGAGCACGACTCG-1	Tcell	P9_Tumor_TCGCGAGCACGACTCG
TCGCGAGCATGTCCTC-1	CD1C	P9_Tumor_TCGCGAGCATGTCCTC
TCGCGAGTCCCAAGTA-1	PDC	P9_Tumor_TCGCGAGTCCCAAGTA
TCGCGTTAGCTGGAAC-1	Mac	P9_Tumor_TCGCGTTAGCTGGAAC
TCGCGTTCAAGGCTCC-1	Mac	P9_Tumor_TCGCGTTCAAGGCTCC
TCGCGTTTCCTCATTA-1	Mac	P9_Tumor_TCGCGTTTCCTCATTA
TCGGGACAGCGACGTA-1	CD1C	P9_Tumor_TCGGGACAGCGACGTA
TCGGGACAGTACGTTC-1	CLEC9A	P9_Tumor_TCGGGACAGTACGTTC
TCGGGACCATTCACTT-1	Mac	P9_Tumor_TCGGGACCATTCACTT
TCGGGACTCCGTCAAA-1	Mac	P9_Tumor_TCGGGACTCCGTCAAA
TCGGTAACAGGGTATG-1	CD1C	P9_Tumor_TCGGTAACAGGGTATG
TCGGTAAGTACTCGCG-1	CLEC9A	P9_Tumor_TCGGTAAGTACTCGCG
TCGGTAAGTCGATTGT-1	CLEC9A	P9_Tumor_TCGGTAAGTCGATTGT
TCGGTAATCACCACCT-1	CD1C	P9_Tumor_TCGGTAATCACCACCT
TCGTACCAGAAACGAG-1	CD1C	P9_Tumor_TCGTACCAGAAACGAG
TCGTACCAGACAGAGA-1	Mac	P9_Tumor_TCGTACCAGACAGAGA
TCGTACCCATCGGTTA-1	PDC	P9_Tumor_TCGTACCCATCGGTTA
TCGTACCGTGGCTCCA-1	Epithelial	P9_Tumor_TCGTACCGTGGCTCCA
TCGTACCTCAACCAAC-1	Epithelial	P9_Tumor_TCGTACCTCAACCAAC
TCGTACCTCGTTTATC-1	Epithelial	P9_Tumor_TCGTACCTCGTTTATC
TCGTAGACAGTATAAG-1	CLEC9A	P9_Tumor_TCGTAGACAGTATAAG
TCGTAGAGTTTACTCT-1	Tcell	P9_Tumor_TCGTAGAGTTTACTCT
TCTATTGAGTGAACGC-1	Epithelial	P9_Tumor_TCTATTGAGTGAACGC
TCTATTGAGTGGTAAT-1	CD1C	P9_Tumor_TCTATTGAGTGGTAAT
TCTATTGGTTCTGTTT-1	Tcell	P9_Tumor_TCTATTGGTTCTGTTT
TCTATTGTCGTGGACC-1	ASDC	P9_Tumor_TCTATTGTCGTGGACC
TCTCATAAGTGCGATG-1	Mac	P9_Tumor_TCTCATAAGTGCGATG
TCTCATAAGTTTAGGA-1	Tcell	P9_Tumor_TCTCATAAGTTTAGGA
TCTCATAGTGCGCTTG-1	Tcell	P9_Tumor_TCTCATAGTGCGCTTG
TCTCATAGTGTGGCTC-1	Mac	P9_Tumor_TCTCATAGTGTGGCTC
TCTCATATCACTGGGC-1	CLEC9A	P9_Tumor_TCTCATATCACTGGGC
TCTCATATCAGCCTAA-1	CLEC9A	P9_Tumor_TCTCATATCAGCCTAA
TCTCATATCCCTAACC-1	Multiplet	P9_Tumor_TCTCATATCCCTAACC
TCTCTAAAGAGCTTCT-1	Mac	P9_Tumor_TCTCTAAAGAGCTTCT
TCTCTAACAAGCCGCT-1	Melanocyte	P9_Tumor_TCTCTAACAAGCCGCT
TCTCTAACATCTGGTA-1	Mac	P9_Tumor_TCTCTAACATCTGGTA
TCTCTAACATTTCAGG-1	Mac	P9_Tumor_TCTCTAACATTTCAGG
TCTCTAATCAGTGTTG-1	Mac	P9_Tumor_TCTCTAATCAGTGTTG
TCTCTAATCTGCTGCT-1	ASDC	P9_Tumor_TCTCTAATCTGCTGCT
TCTGAGAAGCCTATGT-1	MDSC	P9_Tumor_TCTGAGAAGCCTATGT
TCTGAGAAGTCCTCCT-1	CD1C	P9_Tumor_TCTGAGAAGTCCTCCT
TCTGAGACATCCGTGG-1	CLEC9A	P9_Tumor_TCTGAGACATCCGTGG
TCTGAGAGTGGCAAAC-1	ASDC	P9_Tumor_TCTGAGAGTGGCAAAC
TCTGGAAAGAGTTGGC-1	Mac	P9_Tumor_TCTGGAAAGAGTTGGC
TCTGGAAAGATGGGTC-1	CD1C	P9_Tumor_TCTGGAAAGATGGGTC
TCTGGAAAGCCGTCGT-1	Tcell	P9_Tumor_TCTGGAAAGCCGTCGT
TCTGGAAAGCTTTGGT-1	Mac	P9_Tumor_TCTGGAAAGCTTTGGT
TCTGGAAAGTCAAGGC-1	Mac	P9_Tumor_TCTGGAAAGTCAAGGC
TCTGGAACATAACCTG-1	Mac	P9_Tumor_TCTGGAACATAACCTG
TCTGGAACATTCCTGC-1	Tcell	P9_Tumor_TCTGGAACATTCCTGC
TCTTCGGAGAGGGCTT-1	Mac	P9_Tumor_TCTTCGGAGAGGGCTT
TCTTCGGCACAGGCCT-1	Epithelial	P9_Tumor_TCTTCGGCACAGGCCT
TCTTCGGCACGACGAA-1	Tcell	P9_Tumor_TCTTCGGCACGACGAA
TCTTCGGGTTTGGGCC-1	Mac	P9_Tumor_TCTTCGGGTTTGGGCC
TCTTCGGTCATTGCGA-1	PDC	P9_Tumor_TCTTCGGTCATTGCGA
TCTTTCCCACAGATTC-1	CD1C	P9_Tumor_TCTTTCCCACAGATTC
TCTTTCCCACATTAGC-1	Mac	P9_Tumor_TCTTTCCCACATTAGC
TCTTTCCCAGGCGATA-1	CLEC9A	P9_Tumor_TCTTTCCCAGGCGATA
TCTTTCCGTCTCCATC-1	CD1C	P9_Tumor_TCTTTCCGTCTCCATC
TCTTTCCTCTGCAGTA-1	Multiplet	P9_Tumor_TCTTTCCTCTGCAGTA
TGAAAGATCCACTGGG-1	CD1C	P9_Tumor_TGAAAGATCCACTGGG
TGAAAGATCGGTCCGA-1	Mac	P9_Tumor_TGAAAGATCGGTCCGA
TGACAACCACATTAGC-1	Mac	P9_Tumor_TGACAACCACATTAGC
TGACGGCAGACAGACC-1	Epithelial	P9_Tumor_TGACGGCAGACAGACC
TGACGGCAGGGTCGAT-1	Epithelial	P9_Tumor_TGACGGCAGGGTCGAT
TGACGGCCAAGTTCTG-1	Mac	P9_Tumor_TGACGGCCAAGTTCTG
TGACGGCGTAAATGTG-1	CD1C	P9_Tumor_TGACGGCGTAAATGTG
TGACGGCGTCACCCAG-1	Mac	P9_Tumor_TGACGGCGTCACCCAG
TGACGGCGTCGAGTTT-1	Epithelial	P9_Tumor_TGACGGCGTCGAGTTT
TGACTAGAGGGTCTCC-1	Tcell	P9_Tumor_TGACTAGAGGGTCTCC
TGACTAGCAAGTAGTA-1	Epithelial	P9_Tumor_TGACTAGCAAGTAGTA
TGACTAGGTCCTCTTG-1	ASDC	P9_Tumor_TGACTAGGTCCTCTTG
TGACTTTAGCGTCAAG-1	ASDC	P9_Tumor_TGACTTTAGCGTCAAG
TGACTTTAGGACAGAA-1	Melanocyte	P9_Tumor_TGACTTTAGGACAGAA
TGACTTTCATCGGTTA-1	Mac	P9_Tumor_TGACTTTCATCGGTTA
TGACTTTTCGAGAACG-1	MDSC	P9_Tumor_TGACTTTTCGAGAACG
TGACTTTTCGCGGATC-1	Epithelial	P9_Tumor_TGACTTTTCGCGGATC
TGACTTTTCTTGGGTA-1	Mac	P9_Tumor_TGACTTTTCTTGGGTA
TGAGAGGAGCTCCTCT-1	CD1C	P9_Tumor_TGAGAGGAGCTCCTCT
TGAGAGGGTATTCGTG-1	Epithelial	P9_Tumor_TGAGAGGGTATTCGTG
TGAGAGGTCCTCATTA-1	CD1C	P9_Tumor_TGAGAGGTCCTCATTA
TGAGAGGTCGTGACAT-1	CD1C	P9_Tumor_TGAGAGGTCGTGACAT
TGAGCATAGCAAATCA-1	Epithelial	P9_Tumor_TGAGCATAGCAAATCA
TGAGCATAGCTTATCG-1	Mac	P9_Tumor_TGAGCATAGCTTATCG
TGAGCATGTACAGACG-1	Tcell	P9_Tumor_TGAGCATGTACAGACG
TGAGCATGTAGCAAAT-1	CD1C	P9_Tumor_TGAGCATGTAGCAAAT
TGAGCCGAGAAACCTA-1	Tcell	P9_Tumor_TGAGCCGAGAAACCTA
TGAGCCGAGGTGATTA-1	Mac	P9_Tumor_TGAGCCGAGGTGATTA
TGAGCCGCAGTCAGAG-1	Epithelial	P9_Tumor_TGAGCCGCAGTCAGAG
TGAGCCGCATCCCACT-1	Epithelial	P9_Tumor_TGAGCCGCATCCCACT
TGAGCCGGTCAAAGAT-1	Epithelial	P9_Tumor_TGAGCCGGTCAAAGAT
TGAGCCGGTGGACGAT-1	Tcell	P9_Tumor_TGAGCCGGTGGACGAT
TGAGGGAAGATCGGGT-1	CD1C	P9_Tumor_TGAGGGAAGATCGGGT
TGAGGGACAATGGACG-1	CD1C	P9_Tumor_TGAGGGACAATGGACG
TGAGGGATCCTCCTAG-1	Epithelial	P9_Tumor_TGAGGGATCCTCCTAG
TGATTTCAGAACTCGG-1	Mac	P9_Tumor_TGATTTCAGAACTCGG
TGATTTCCACCAGCAC-1	Mac	P9_Tumor_TGATTTCCACCAGCAC
TGCACCTCAGACTCGC-1	Epithelial	P9_Tumor_TGCACCTCAGACTCGC
TGCACCTCATTACCTT-1	CLEC9A	P9_Tumor_TGCACCTCATTACCTT
TGCACCTGTCTGGTCG-1	Mac	P9_Tumor_TGCACCTGTCTGGTCG
TGCCAAAAGCGTGAGT-1	MDSC	P9_Tumor_TGCCAAAAGCGTGAGT
TGCCAAAGTCAGGACA-1	ASDC	P9_Tumor_TGCCAAAGTCAGGACA
TGCCAAAGTCGTCTTC-1	B_Cell	P9_Tumor_TGCCAAAGTCGTCTTC
TGCCCATAGTCGTACT-1	Tcell	P9_Tumor_TGCCCATAGTCGTACT
TGCCCATCACGCCAGT-1	Epithelial	P9_Tumor_TGCCCATCACGCCAGT
TGCCCATCAGGTCTCG-1	Epithelial	P9_Tumor_TGCCCATCAGGTCTCG
TGCCCATGTCGATTGT-1	Epithelial	P9_Tumor_TGCCCATGTCGATTGT
TGCCCATTCCGTACAA-1	Tcell	P9_Tumor_TGCCCATTCCGTACAA
TGCCCATTCGTCACGG-1	Endothelial_Cell	P9_Tumor_TGCCCATTCGTCACGG
TGCCCTACAATGTAAG-1	CD1C	P9_Tumor_TGCCCTACAATGTAAG
TGCCCTACACCGAAAG-1	Epithelial	P9_Tumor_TGCCCTACACCGAAAG
TGCCCTAGTAAGTGGC-1	Epithelial	P9_Tumor_TGCCCTAGTAAGTGGC
TGCCCTAGTCATCCCT-1	Tcell	P9_Tumor_TGCCCTAGTCATCCCT
TGCCCTAGTCTCGTTC-1	Epithelial	P9_Tumor_TGCCCTAGTCTCGTTC
TGCCCTAGTTCCATGA-1	CD1C	P9_Tumor_TGCCCTAGTTCCATGA
TGCCCTATCAAGGTAA-1	CD1C	P9_Tumor_TGCCCTATCAAGGTAA
TGCGCAGAGACAAGCC-1	Mac	P9_Tumor_TGCGCAGAGACAAGCC
TGCGCAGAGCGAAGGG-1	Tcell	P9_Tumor_TGCGCAGAGCGAAGGG
TGCGCAGAGTACGCGA-1	CD1C	P9_Tumor_TGCGCAGAGTACGCGA
TGCGCAGAGTCGCCGT-1	Fibroblast	P9_Tumor_TGCGCAGAGTCGCCGT
TGCGCAGCATATGGTC-1	Tcell	P9_Tumor_TGCGCAGCATATGGTC
TGCGCAGGTCCGTTAA-1	LC	P9_Tumor_TGCGCAGGTCCGTTAA
TGCGGGTAGACTACAA-1	Epithelial	P9_Tumor_TGCGGGTAGACTACAA
TGCGGGTCACACAGAG-1	CLEC9A	P9_Tumor_TGCGGGTCACACAGAG
TGCGGGTCACATAACC-1	LC	P9_Tumor_TGCGGGTCACATAACC
TGCGGGTGTCTTGCGG-1	ASDC	P9_Tumor_TGCGGGTGTCTTGCGG
TGCGGGTGTTCTGAAC-1	Epithelial	P9_Tumor_TGCGGGTGTTCTGAAC
TGCGTGGAGCCACCTG-1	Mac	P9_Tumor_TGCGTGGAGCCACCTG
TGCGTGGAGGGCTTCC-1	Epithelial	P9_Tumor_TGCGTGGAGGGCTTCC
TGCGTGGCAATTCCTT-1	Mac	P9_Tumor_TGCGTGGCAATTCCTT
TGCGTGGGTTGCGTTA-1	Epithelial	P9_Tumor_TGCGTGGGTTGCGTTA
TGCGTGGTCCAAACTG-1	Mac	P9_Tumor_TGCGTGGTCCAAACTG
TGCTACCAGTTTGCGT-1	ASDC	P9_Tumor_TGCTACCAGTTTGCGT
TGCTACCCAAGGACAC-1	Mac	P9_Tumor_TGCTACCCAAGGACAC
TGCTGCTAGTGCCATT-1	ASDC	P9_Tumor_TGCTGCTAGTGCCATT
TGCTGCTCACCGAAAG-1	Epithelial	P9_Tumor_TGCTGCTCACCGAAAG
TGCTGCTCAGCTGTTA-1	CD1C	P9_Tumor_TGCTGCTCAGCTGTTA
TGGACGCCAAGCCCAC-1	Mac	P9_Tumor_TGGACGCCAAGCCCAC
TGGACGCCACCATCCT-1	Endothelial_Cell	P9_Tumor_TGGACGCCACCATCCT
TGGACGCCAGGCTCAC-1	Mac	P9_Tumor_TGGACGCCAGGCTCAC
TGGACGCCAGGGTTAG-1	Multiplet	P9_Tumor_TGGACGCCAGGGTTAG
TGGACGCGTACTTAGC-1	CD1C	P9_Tumor_TGGACGCGTACTTAGC
TGGACGCGTAGCCTAT-1	Mac	P9_Tumor_TGGACGCGTAGCCTAT
TGGACGCGTCGGCATC-1	Epithelial	P9_Tumor_TGGACGCGTCGGCATC
TGGACGCGTTCCAACA-1	LC	P9_Tumor_TGGACGCGTTCCAACA
TGGACGCGTTGATTCG-1	Multiplet	P9_Tumor_TGGACGCGTTGATTCG
TGGACGCTCGAATCCA-1	Mac	P9_Tumor_TGGACGCTCGAATCCA
TGGCCAGAGAGGGATA-1	CD1C	P9_Tumor_TGGCCAGAGAGGGATA
TGGCCAGCAGGTCGTC-1	CD1C	P9_Tumor_TGGCCAGCAGGTCGTC
TGGCCAGCAGTCCTTC-1	Mac	P9_Tumor_TGGCCAGCAGTCCTTC
TGGCCAGGTGAGGGAG-1	CLEC9A	P9_Tumor_TGGCCAGGTGAGGGAG
TGGCGCAAGAACTGTA-1	Mac	P9_Tumor_TGGCGCAAGAACTGTA
TGGCGCACAGATGGCA-1	LC	P9_Tumor_TGGCGCACAGATGGCA
TGGCGCACAGCTATTG-1	CLEC9A	P9_Tumor_TGGCGCACAGCTATTG
TGGCGCAGTAAACGCG-1	CD1C	P9_Tumor_TGGCGCAGTAAACGCG
TGGCGCAGTTACAGAA-1	Mac	P9_Tumor_TGGCGCAGTTACAGAA
TGGCGCATCACAGTAC-1	ASDC	P9_Tumor_TGGCGCATCACAGTAC
TGGCGCATCATGGTCA-1	Tcell	P9_Tumor_TGGCGCATCATGGTCA
TGGCTGGAGAAACCGC-1	LC	P9_Tumor_TGGCTGGAGAAACCGC
TGGCTGGAGATAGTCA-1	CLEC9A	P9_Tumor_TGGCTGGAGATAGTCA
TGGGAAGAGTGGGATC-1	Tcell	P9_Tumor_TGGGAAGAGTGGGATC
TGGGAAGAGTTAACGA-1	CD1C	P9_Tumor_TGGGAAGAGTTAACGA
TGGGAAGCACAGGCCT-1	MDSC	P9_Tumor_TGGGAAGCACAGGCCT
TGGGAAGCACTAAGTC-1	LC	P9_Tumor_TGGGAAGCACTAAGTC
TGGGAAGGTCCGTCAG-1	Epithelial	P9_Tumor_TGGGAAGGTCCGTCAG
TGGGAAGGTTGGAGGT-1	Mac	P9_Tumor_TGGGAAGGTTGGAGGT
TGGGCGTGTGCAGGTA-1	Mac	P9_Tumor_TGGGCGTGTGCAGGTA
TGGGCGTGTGCGCTTG-1	Mac	P9_Tumor_TGGGCGTGTGCGCTTG
TGGGCGTTCAAAGTAG-1	Epithelial	P9_Tumor_TGGGCGTTCAAAGTAG
TGGGCGTTCATCGATG-1	Tcell	P9_Tumor_TGGGCGTTCATCGATG
TGGTTAGAGCGTAATA-1	Epithelial	P9_Tumor_TGGTTAGAGCGTAATA
TGGTTAGAGCTACCTA-1	CD1C	P9_Tumor_TGGTTAGAGCTACCTA
TGGTTAGCACCGATAT-1	Epithelial	P9_Tumor_TGGTTAGCACCGATAT
TGGTTAGGTAAATGTG-1	Epithelial	P9_Tumor_TGGTTAGGTAAATGTG
TGGTTAGGTGCTAGCC-1	Mac	P9_Tumor_TGGTTAGGTGCTAGCC
TGGTTAGGTTGATTGC-1	ASDC	P9_Tumor_TGGTTAGGTTGATTGC
TGGTTCCGTTTAGGAA-1	Mac	P9_Tumor_TGGTTCCGTTTAGGAA
TGTATTCAGAATGTGT-1	Mac	P9_Tumor_TGTATTCAGAATGTGT
TGTATTCAGTTGAGAT-1	Epithelial	P9_Tumor_TGTATTCAGTTGAGAT
TGTATTCCAGGACCCT-1	Mac	P9_Tumor_TGTATTCCAGGACCCT
TGTATTCGTTACGCGC-1	Mac	P9_Tumor_TGTATTCGTTACGCGC
TGTATTCTCCGGGTGT-1	CD1C	P9_Tumor_TGTATTCTCCGGGTGT
TGTCCCAAGAACAACT-1	Epithelial	P9_Tumor_TGTCCCAAGAACAACT
TGTCCCAAGATCTGAA-1	Mac	P9_Tumor_TGTCCCAAGATCTGAA
TGTCCCAGTGCAACTT-1	Fibroblast	P9_Tumor_TGTCCCAGTGCAACTT
TGTGGTACAAGCCGTC-1	Mac	P9_Tumor_TGTGGTACAAGCCGTC
TGTGGTACAATGAAAC-1	Mac	P9_Tumor_TGTGGTACAATGAAAC
TGTGGTACATGGGAAC-1	CLEC9A	P9_Tumor_TGTGGTACATGGGAAC
TGTGGTAGTAAATACG-1	CD1C	P9_Tumor_TGTGGTAGTAAATACG
TGTGGTATCGTTACGA-1	Mac	P9_Tumor_TGTGGTATCGTTACGA
TGTGTTTAGTACATGA-1	Mac	P9_Tumor_TGTGTTTAGTACATGA
TGTGTTTGTACTCTCC-1	Epithelial	P9_Tumor_TGTGTTTGTACTCTCC
TGTTCCGGTAAGAGAG-1	Mac	P9_Tumor_TGTTCCGGTAAGAGAG
TGTTCCGGTAGCGCTC-1	Mac	P9_Tumor_TGTTCCGGTAGCGCTC
TTAACTCAGAGTTGGC-1	Mac	P9_Tumor_TTAACTCAGAGTTGGC
TTAACTCGTTGTACAC-1	Epithelial	P9_Tumor_TTAACTCGTTGTACAC
TTAACTCTCATAGCAC-1	Tcell	P9_Tumor_TTAACTCTCATAGCAC
TTAGGACAGTGGAGAA-1	Mac	P9_Tumor_TTAGGACAGTGGAGAA
TTAGGACGTGTCTGAT-1	CLEC9A	P9_Tumor_TTAGGACGTGTCTGAT
TTAGGACGTTAAAGTG-1	MDSC	P9_Tumor_TTAGGACGTTAAAGTG
TTAGGCACAAGCCGCT-1	CD1C	P9_Tumor_TTAGGCACAAGCCGCT
TTAGGCACACACCGAC-1	Mac	P9_Tumor_TTAGGCACACACCGAC
TTAGGCACATGACATC-1	CD1C	P9_Tumor_TTAGGCACATGACATC
TTAGGCAGTAGGCTGA-1	Mac	P9_Tumor_TTAGGCAGTAGGCTGA
TTAGGCAGTCACAAGG-1	Mac	P9_Tumor_TTAGGCAGTCACAAGG
TTAGGCATCTTTAGTC-1	CD1C	P9_Tumor_TTAGGCATCTTTAGTC
TTAGTTCAGGATGGAA-1	CLEC9A	P9_Tumor_TTAGTTCAGGATGGAA
TTAGTTCGTGAAAGAG-1	CD1C	P9_Tumor_TTAGTTCGTGAAAGAG
TTAGTTCGTTCGTGAT-1	CD1C	P9_Tumor_TTAGTTCGTTCGTGAT
TTAGTTCTCAGTCCCT-1	Epithelial	P9_Tumor_TTAGTTCTCAGTCCCT
TTATGCTCAACTTGAC-1	Mac	P9_Tumor_TTATGCTCAACTTGAC
TTATGCTCAAGCCGCT-1	Epithelial	P9_Tumor_TTATGCTCAAGCCGCT
TTATGCTCACAAGTAA-1	LC	P9_Tumor_TTATGCTCACAAGTAA
TTATGCTGTGACGGTA-1	CLEC9A	P9_Tumor_TTATGCTGTGACGGTA
TTATGCTTCGTTTAGG-1	CD1C	P9_Tumor_TTATGCTTCGTTTAGG
TTATGCTTCTCACATT-1	Mac	P9_Tumor_TTATGCTTCTCACATT
TTCCCAGAGCTTTGGT-1	Epithelial	P9_Tumor_TTCCCAGAGCTTTGGT
TTCGAAGAGATACACA-1	MDSC	P9_Tumor_TTCGAAGAGATACACA
TTCGAAGAGCTGTCTA-1	Mac	P9_Tumor_TTCGAAGAGCTGTCTA
TTCGGTCAGCTCTCGG-1	Tcell	P9_Tumor_TTCGGTCAGCTCTCGG
TTCGGTCCAGACGCCT-1	Mac	P9_Tumor_TTCGGTCCAGACGCCT
TTCGGTCGTAGCCTCG-1	Epithelial	P9_Tumor_TTCGGTCGTAGCCTCG
TTCTACAAGAGCTATA-1	Tcell	P9_Tumor_TTCTACAAGAGCTATA
TTCTACAAGCTGGAAC-1	CD1C	P9_Tumor_TTCTACAAGCTGGAAC
TTCTACATCATCATTC-1	Epithelial	P9_Tumor_TTCTACATCATCATTC
TTCTACATCTCGGACG-1	Epithelial	P9_Tumor_TTCTACATCTCGGACG
TTCTACATCTCTGCTG-1	ASDC	P9_Tumor_TTCTACATCTCTGCTG
TTCTCAAAGTACGACG-1	CLEC9A	P9_Tumor_TTCTCAAAGTACGACG
TTCTCAATCACAATGC-1	Epithelial	P9_Tumor_TTCTCAATCACAATGC
TTCTCCTAGAAACGAG-1	CLEC9A	P9_Tumor_TTCTCCTAGAAACGAG
TTCTCCTCAAGGGTCA-1	CD1C	P9_Tumor_TTCTCCTCAAGGGTCA
TTCTCCTCACCATGTA-1	LC	P9_Tumor_TTCTCCTCACCATGTA
TTCTCCTCAGTCGTGC-1	Mac	P9_Tumor_TTCTCCTCAGTCGTGC
TTCTCCTCATGCCCGA-1	CD1C	P9_Tumor_TTCTCCTCATGCCCGA
TTCTCCTGTCTCTTAT-1	CD1C	P9_Tumor_TTCTCCTGTCTCTTAT
TTCTCCTTCGGAAATA-1	Epithelial	P9_Tumor_TTCTCCTTCGGAAATA
TTCTTAGCAATACGCT-1	Epithelial	P9_Tumor_TTCTTAGCAATACGCT
TTCTTAGCACCCATTC-1	Epithelial	P9_Tumor_TTCTTAGCACCCATTC
TTCTTAGCAGCTCGAC-1	Mac	P9_Tumor_TTCTTAGCAGCTCGAC
TTCTTAGGTCCAACTA-1	Epithelial	P9_Tumor_TTCTTAGGTCCAACTA
TTCTTAGGTTCCACAA-1	Mac	P9_Tumor_TTCTTAGGTTCCACAA
TTGAACGAGGGTCTCC-1	Epithelial	P9_Tumor_TTGAACGAGGGTCTCC
TTGAACGCACCTGGTG-1	CD1C	P9_Tumor_TTGAACGCACCTGGTG
TTGAACGCAGCTTCGG-1	CD1C	P9_Tumor_TTGAACGCAGCTTCGG
TTGAACGGTAAGGGAA-1	Mac	P9_Tumor_TTGAACGGTAAGGGAA
TTGAACGGTATGAAAC-1	Multiplet	P9_Tumor_TTGAACGGTATGAAAC
TTGAACGTCCTGCCAT-1	CLEC9A	P9_Tumor_TTGAACGTCCTGCCAT
TTGAACGTCGCCATAA-1	Mac	P9_Tumor_TTGAACGTCGCCATAA
TTGACTTAGATAGCAT-1	Mac	P9_Tumor_TTGACTTAGATAGCAT
TTGACTTCACACCGAC-1	PDC	P9_Tumor_TTGACTTCACACCGAC
TTGACTTCAGCCACCA-1	Mac	P9_Tumor_TTGACTTCAGCCACCA
TTGACTTGTATTACCG-1	CD1C	P9_Tumor_TTGACTTGTATTACCG
TTGACTTGTGCTAGCC-1	LC	P9_Tumor_TTGACTTGTGCTAGCC
TTGCCGTAGCTACCGC-1	PDC	P9_Tumor_TTGCCGTAGCTACCGC
TTGCGTCAGCGCCTCA-1	Mac	P9_Tumor_TTGCGTCAGCGCCTCA
TTGCGTCCAGGGTACA-1	Mac	P9_Tumor_TTGCGTCCAGGGTACA
TTGCGTCTCATCGGAT-1	Tcell	P9_Tumor_TTGCGTCTCATCGGAT
TTGGAACAGTTCGCAT-1	Epithelial	P9_Tumor_TTGGAACAGTTCGCAT
TTGGAACCAAGGTTTC-1	LC	P9_Tumor_TTGGAACCAAGGTTTC
TTGGAACGTAAATGAC-1	Tcell	P9_Tumor_TTGGAACGTAAATGAC
TTGGAACTCCTATGTT-1	ASDC	P9_Tumor_TTGGAACTCCTATGTT
TTGGCAAAGCTGCGAA-1	Multiplet	P9_Tumor_TTGGCAAAGCTGCGAA
TTGGCAACAAGAAAGG-1	Mac	P9_Tumor_TTGGCAACAAGAAAGG
TTGGCAACACCGATAT-1	Mac	P9_Tumor_TTGGCAACACCGATAT
TTGTAGGGTAATTGGA-1	CLEC9A	P9_Tumor_TTGTAGGGTAATTGGA
TTGTAGGGTTCATGGT-1	CD1C	P9_Tumor_TTGTAGGGTTCATGGT
TTTACTGAGACACGAC-1	Epithelial	P9_Tumor_TTTACTGAGACACGAC
TTTACTGAGATCTGCT-1	CLEC9A	P9_Tumor_TTTACTGAGATCTGCT
TTTACTGCAATACGCT-1	Epithelial	P9_Tumor_TTTACTGCAATACGCT
TTTACTGCAGGATTGG-1	Epithelial	P9_Tumor_TTTACTGCAGGATTGG
TTTACTGTCCGCATCT-1	LC	P9_Tumor_TTTACTGTCCGCATCT
TTTACTGTCGCCAGCA-1	MDSC	P9_Tumor_TTTACTGTCGCCAGCA
TTTATGCGTAGCGTAG-1	CD1C	P9_Tumor_TTTATGCGTAGCGTAG
TTTATGCGTTCGAATC-1	Tcell	P9_Tumor_TTTATGCGTTCGAATC
TTTCCTCAGGAGTAGA-1	CLEC9A	P9_Tumor_TTTCCTCAGGAGTAGA
TTTCCTCGTTGTACAC-1	MDSC	P9_Tumor_TTTCCTCGTTGTACAC
TTTCCTCTCACTATTC-1	LC	P9_Tumor_TTTCCTCTCACTATTC
TTTCCTCTCAGCTTAG-1	Tcell	P9_Tumor_TTTCCTCTCAGCTTAG
TTTCCTCTCTAACCGA-1	Multiplet	P9_Tumor_TTTCCTCTCTAACCGA
TTTGCGCAGACCTTTG-1	Mac	P9_Tumor_TTTGCGCAGACCTTTG
TTTGCGCCACTATCTT-1	CD1C	P9_Tumor_TTTGCGCCACTATCTT
TTTGCGCCATACCATG-1	Epithelial	P9_Tumor_TTTGCGCCATACCATG
TTTGCGCGTGTGAAAT-1	LC	P9_Tumor_TTTGCGCGTGTGAAAT
TTTGCGCTCCGCAAGC-1	ASDC	P9_Tumor_TTTGCGCTCCGCAAGC
TTTGCGCTCGAATGGG-1	Mac	P9_Tumor_TTTGCGCTCGAATGGG
TTTGTCAAGAGGTTGC-1	ASDC	P9_Tumor_TTTGTCAAGAGGTTGC
TTTGTCAAGATATACG-1	CD1C	P9_Tumor_TTTGTCAAGATATACG
TTTGTCACAGGAACGT-1	Tcell	P9_Tumor_TTTGTCACAGGAACGT
TTTGTCACATCCCACT-1	LC	P9_Tumor_TTTGTCACATCCCACT
TTTGTCATCAAACCAC-1	Tcell	P9_Tumor_TTTGTCATCAAACCAC
