Index	Cell_type
AAACCTGAGTGTACGG-1	Epithelial
AAACCTGCAGCTATTG-1	CLEC9A
AAACCTGCATCCGGGT-1	Mac
AAACCTGTCGGAAACG-1	Epithelial
AAACGGGAGTGTCCCG-1	CD1C
AAAGCAAAGATCGATA-1	CLEC9A
AAAGTAGCACCATGTA-1	Epithelial
AAAGTAGTCTGGGCCA-1	Epithelial
AAATGCCCAGCTGGCT-1	Mac
AAATGCCGTCTTCGTC-1	CD1C
AAATGCCTCCGCATAA-1	Mac
AACACGTCATTATCTC-1	Epithelial
AACCATGAGCAGGTCA-1	Epithelial
AACCATGCACTCTGTC-1	CLEC9A
AACCATGTCACAACGT-1	Epithelial
AACCGCGCACTGTCGG-1	Epithelial
AACGTTGAGCATCATC-1	CLEC9A
AACGTTGCACAGGTTT-1	Mac
AACGTTGTCAACGCTA-1	CD1C
AACGTTGTCATTATCC-1	Epithelial
AACTCCCCAGGCAGTA-1	ASDC
AACTCCCGTAAACGCG-1	CD1C
AACTCCCGTATAATGG-1	CD1C
AACTCCCTCGGACAAG-1	Tcell
AACTCTTAGGGCTTGA-1	CD1C
AACTCTTAGTGACTCT-1	CLEC9A
AACTCTTCATTGGGCC-1	CD1C
AACTCTTTCCTTGACC-1	ASDC
AACTCTTTCGACCAGC-1	CD1C
AACTGGTAGCACCGTC-1	CLEC9A
AACTGGTCAGTCCTTC-1	ASDC
AACTGGTTCCCTAATT-1	Mac
AACTTTCCAACACGCC-1	CLEC9A
AAGACCTAGCAATATG-1	Multiplet
AAGACCTAGGATGGTC-1	Mac
AAGCCGCAGTCGAGTG-1	Mac
AAGCCGCGTCTTTCAT-1	Mac
AAGCCGCTCGAATGCT-1	Multiplet
AAGCCGCTCTTTAGGG-1	Mac
AAGGCAGAGAACAACT-1	Epithelial
AAGGTTCTCTCGTTTA-1	Mac
AAGTCTGTCTACTCAT-1	Epithelial
ACACCCTCAAGACGTG-1	Epithelial
ACACCCTCACCAGGCT-1	CD1C
ACACCGGGTGTAACGG-1	PDC
ACAGCCGGTTCGGGCT-1	CD1C
ACAGCCGTCAATCTCT-1	CLEC9A
ACAGCCGTCGGTTCGG-1	Epithelial
ACAGCTATCTGTACGA-1	Epithelial
ACATACGCACCGATAT-1	MDSC
ACATACGTCTATCGCC-1	ASDC
ACATCAGGTTACTGAC-1	ASDC
ACATCAGTCGAACGGA-1	CLEC9A
ACATCAGTCGTTTGCC-1	CD1C
ACCAGTACACCGGAAA-1	Epithelial
ACCAGTATCACCGGGT-1	ASDC
ACCAGTATCCTGTACC-1	CD1C
ACCCACTCAGCTGCTG-1	Epithelial
ACCCACTTCTTTAGTC-1	Tcell
ACCTTTACACTACAGT-1	MDSC
ACCTTTAGTGAGGGTT-1	Epithelial
ACCTTTAGTTGCTCCT-1	Tcell
ACGAGCCTCATTCACT-1	ASDC
ACGAGGACAGGTGCCT-1	CLEC9A
ACGATACGTTCACCTC-1	CD1C
ACGATACTCTGGTTCC-1	Epithelial
ACGATGTAGTAGGCCA-1	Epithelial
ACGCAGCTCTCCGGTT-1	Mac
ACGCCGAAGATCCCGC-1	LC
ACGCCGAAGCCAACAG-1	CD1C
ACGCCGAAGGCATGGT-1	CD1C
ACGCCGAAGGCCATAG-1	Mac
ACGCCGAAGTAACCCT-1	CD1C
ACGCCGACAAAGAATC-1	Epithelial
ACGCCGACAACAACCT-1	CD1C
ACGCCGACACGCATCG-1	ASDC
ACGCCGACAGACAAGC-1	CD1C
ACGCCGAGTACCGAGA-1	Mac
ACGCCGATCATTGCCC-1	CD1C
ACGGAGATCCGAAGAG-1	Epithelial
ACGGCCAAGTCATCCA-1	Epithelial
ACGGCCAGTACTCGCG-1	CD1C
ACGGCCATCCCTAATT-1	Tcell
ACGGGCTCATGCGCAC-1	Epithelial
ACTGCTCAGCTAGTGG-1	Mac
ACTGCTCCACATTAGC-1	LC
ACTGCTCGTCGATTGT-1	Mac
ACTGCTCTCAACTCTT-1	CD1C
ACTGTCCAGTAGGTGC-1	Mac
ACTGTCCTCGTCTGCT-1	Tcell
ACTTGTTAGATGTCGG-1	Tcell
ACTTGTTAGCAATATG-1	CD1C
ACTTGTTCATCGGTTA-1	ASDC
ACTTGTTCATTACCTT-1	Mac
ACTTTCAAGACAATAC-1	CD1C
ACTTTCAAGTGCTGCC-1	CLEC9A
ACTTTCAAGTGGAGAA-1	CLEC9A
ACTTTCACAACTTGAC-1	LC
ACTTTCACACCACCAG-1	Tcell
ACTTTCAGTTCCACAA-1	Epithelial
ACTTTCATCATAACCG-1	Epithelial
AGACGTTCAACGCACC-1	Tcell
AGACGTTGTAGCGTCC-1	CLEC9A
AGAGCTTGTAGCGTCC-1	Mac
AGAGCTTGTTGTCTTT-1	CD1C
AGAGCTTTCTTGTACT-1	Tcell
AGAGTGGCATGCGCAC-1	Melanocyte
AGATCTGAGTCCATAC-1	Mac
AGATCTGCACACTGCG-1	Mac
AGATCTGCAGATCCAT-1	Epithelial
AGATCTGGTAACGCGA-1	CD1C
AGATCTGGTCCAACTA-1	Tcell
AGATTGCCACTGAAGG-1	Mac
AGATTGCTCGTGGACC-1	Mac
AGATTGCTCTTACCTA-1	Tcell
AGATTGCTCTTTCCTC-1	Mac
AGCAGCCCAGCATGAG-1	CD1C
AGCAGCCGTGTCTGAT-1	Multiplet
AGCAGCCTCAGTTTGG-1	Epithelial
AGCAGCCTCGGTGTTA-1	Mac
AGCATACCATGCCACG-1	Mac
AGCATACGTTACGACT-1	CD1C
AGCATACTCCCTTGCA-1	Tcell
AGCCTAACACATTTCT-1	Epithelial
AGCGGTCCAGACGTAG-1	CD1C
AGCGTCGCAATCTACG-1	Epithelial
AGCGTCGTCAGGCCCA-1	Epithelial
AGCTCCTAGTGCCATT-1	CD1C
AGCTCCTCACAGGTTT-1	Tcell
AGCTCCTGTTACGTCA-1	Epithelial
AGCTCCTTCAGCTCGG-1	CD1C
AGCTCCTTCTCACATT-1	Mac
AGCTCTCAGTCCATAC-1	Mac
AGCTCTCGTGTTCTTT-1	CD1C
AGCTCTCTCCGCGTTT-1	CLEC9A
AGCTCTCTCGGTTCGG-1	Epithelial
AGCTTGACACCACCAG-1	CD1C
AGCTTGACAGCTTAAC-1	Mac
AGCTTGAGTCAATACC-1	CD1C
AGCTTGAGTGACGCCT-1	Epithelial
AGCTTGAGTGATGTCT-1	ASDC
AGGCCACAGATGGCGT-1	Mac
AGGCCACTCCTCATTA-1	CD1C
AGGCCGTCAGACGTAG-1	CD1C
AGGCCGTTCGTTGCCT-1	LC
AGGTCATTCGAGCCCA-1	Mac
AGGTCCGAGTGGTCCC-1	CD1C
AGTCTTTAGAGCTGCA-1	Mac
AGTCTTTAGATTACCC-1	LC
AGTCTTTAGTGTTAGA-1	CLEC9A
AGTCTTTCACGAGAGT-1	CD1C
AGTCTTTCACGCTTTC-1	CD1C
AGTCTTTCAGCTTAAC-1	Epithelial
AGTCTTTCATCAGTAC-1	CLEC9A
AGTCTTTCATCGATGT-1	LC
AGTCTTTGTATTACCG-1	CD1C
AGTGAGGCACATAACC-1	Epithelial
AGTGGGACATGTCCTC-1	CD1C
AGTGTCATCACTCTTA-1	CD1C
AGTTGGTAGCTCCTTC-1	Fibroblast
AGTTGGTCAAGTTCTG-1	CD1C
AGTTGGTGTTTAGCTG-1	CD1C
AGTTGGTTCCAAATGC-1	CD1C
AGTTGGTTCCACGAAT-1	Tcell
ATAACGCAGAGGTACC-1	LC
ATAACGCCACCAGCAC-1	Fibroblast
ATAACGCTCGTAGGAG-1	Mac
ATAAGAGCACCCATTC-1	Epithelial
ATAGACCCAACCGCCA-1	LC
ATAGACCGTGAGGCTA-1	Epithelial
ATCACGACACATGGGA-1	Epithelial
ATCACGAGTCGCGGTT-1	Mac
ATCATCTAGCCGCCTA-1	LC
ATCATCTAGTCACGCC-1	Mac
ATCATGGCAAGTCTGT-1	Mac
ATCATGGCACACATGT-1	CD1C
ATCATGGCACGAAACG-1	Epithelial
ATCATGGGTAGCTCCG-1	CD1C
ATCATGGTCAACGCTA-1	Epithelial
ATCATGGTCGAACTGT-1	Tcell
ATCCACCAGAATTGTG-1	Epithelial
ATCCACCCAGCTCGAC-1	Mac
ATCCACCGTAGCGTGA-1	ASDC
ATCCACCGTGCAGTAG-1	Mac
ATCCACCTCTGCTGTC-1	ASDC
ATCCGAAAGAGGACGG-1	Mac
ATCCGAACACAAGACG-1	CD1C
ATCCGAACAGATAATG-1	MDSC
ATCCGAACAGCGTCCA-1	Epithelial
ATCCGAACAGGAATCG-1	Epithelial
ATCGAGTGTCGAGATG-1	Epithelial
ATCTACTAGGGATGGG-1	Epithelial
ATCTACTAGGTGTGGT-1	Epithelial
ATCTACTCAACTTGAC-1	Epithelial
ATCTACTGTAGTGAAT-1	Epithelial
ATCTACTTCGGCCGAT-1	Endothelial_Cell
ATCTACTTCGTCCGTT-1	ASDC
ATCTGCCAGGACTGGT-1	LC
ATCTGCCAGGGCTTCC-1	B_Cell
ATCTGCCCACCAGTTA-1	CD1C
ATCTGCCCATAGACTC-1	Tcell
ATGCGATAGCGATATA-1	CLEC9A
ATGCGATAGTCGATAA-1	CD1C
ATGCGATCAAGAGTCG-1	Mac
ATGCGATTCCTCATTA-1	Tcell
ATGGGAGAGAATCTCC-1	CD1C
ATGTGTGAGTCGTTTG-1	CD1C
ATGTGTGCAATCAGAA-1	Epithelial
ATGTGTGGTAATCACC-1	Epithelial
ATTACTCAGTGTCCCG-1	Mac
ATTACTCGTGTGACCC-1	CD1C
ATTACTCTCCCTCAGT-1	Epithelial
ATTATCCAGATATGGT-1	Epithelial
ATTATCCAGGTGCACA-1	CD1C
ATTATCCCACGTCAGC-1	CLEC9A
ATTATCCCAGGATCGA-1	Mac
ATTATCCGTGCAGTAG-1	Mac
ATTATCCTCCTCCTAG-1	Mac
ATTCTACTCTTCGAGA-1	Epithelial
ATTGGACAGATCCGAG-1	Epithelial
ATTGGACAGTTTGCGT-1	Epithelial
ATTGGACCACGAAAGC-1	Epithelial
ATTGGACCATGCGCAC-1	Melanocyte
ATTGGACGTTAAGATG-1	CLEC9A
ATTGGACGTTGGAGGT-1	Epithelial
ATTGGACTCGGAAACG-1	CD1C
ATTGGTGAGCACCGTC-1	Epithelial
ATTGGTGCAGTACACT-1	Epithelial
ATTGGTGGTGTAAGTA-1	LC
ATTGGTGTCATAAAGG-1	ASDC
ATTTCTGAGCGTAATA-1	Fibroblast
ATTTCTGAGGAGTACC-1	Epithelial
ATTTCTGCATCGGAAG-1	CD1C
ATTTCTGGTCCATGAT-1	Mac
CAACCAAGTTAGATGA-1	CLEC9A
CAACCTCAGCTGCCCA-1	Epithelial
CAACCTCAGTAACCCT-1	CLEC9A
CAACCTCAGTAGCCGA-1	Mac
CAACCTCCATCTCCCA-1	Mac
CAACCTCGTGCCTTGG-1	Mac
CAACCTCTCTCGTATT-1	CD1C
CAAGAAAAGGTCATCT-1	CLEC9A
CAAGAAATCCGTACAA-1	Mac
CAAGAAATCGGATGGA-1	Tcell
CAAGATCAGAGGGCTT-1	CD1C
CAAGATCAGCTGATAA-1	Mac
CAAGATCAGTAGATGT-1	CD1C
CAAGATCCAAACCCAT-1	Mac
CAAGATCGTACCAGTT-1	Mac
CAAGGCCAGCCACTAT-1	Epithelial
CAAGGCCGTCCTGCTT-1	Epithelial
CAAGGCCGTCTAGCGC-1	CD1C
CAAGTTGCAGTGACAG-1	Epithelial
CAAGTTGGTCATCCCT-1	Mac
CAAGTTGTCCACGAAT-1	Mac
CACAAACAGCTGCAAG-1	MDSC
CACAAACCAAGTCTGT-1	Epithelial
CACAAACCACACCGAC-1	Multiplet
CACAAACTCGCGTAGC-1	Tcell
CACACAAAGCAGGCTA-1	CLEC9A
CACACAACAGCCTTTC-1	CLEC9A
CACACAAGTCTACCTC-1	CD1C
CACACCTCAGAGTGTG-1	Mac
CACACCTCATCCGGGT-1	ASDC
CACACCTGTCTCTTAT-1	Epithelial
CACACCTTCATATCGG-1	Epithelial
CACACTCGTAATCACC-1	CD1C
CACAGGCAGACAGAGA-1	CD1C
CACAGGCAGAGCTGGT-1	CD1C
CACAGGCAGAGTGACC-1	CD1C
CACAGGCAGGGTGTTG-1	CD1C
CACAGGCCACACAGAG-1	CLEC9A
CACAGGCGTACAGCAG-1	Mac
CACAGGCTCGAATCCA-1	ASDC
CACAGTAAGAGCCTAG-1	ASDC
CACAGTAAGGAATCGC-1	Mac
CACAGTAAGTCGATAA-1	Mac
CACAGTAGTATCTGCA-1	Tcell
CACAGTAGTCGAGATG-1	Tcell
CACAGTATCTGCTGTC-1	CD1C
CACATAGTCGATAGAA-1	CD1C
CACATTTCACCTGGTG-1	Epithelial
CACATTTGTAACGCGA-1	Epithelial
CACATTTGTGCACCAC-1	Fibroblast
CACATTTTCAAGGCTT-1	CLEC9A
CACATTTTCACAGTAC-1	Mac
CACATTTTCCGTAGGC-1	Mac
CACATTTTCGTTACAG-1	Tcell
CACCACTAGACTAGAT-1	Mac
CACCACTAGATATACG-1	MDSC
CACCACTAGTGCGATG-1	Tcell
CACCACTCATTGGTAC-1	Tcell
CACCAGGAGGATATAC-1	Epithelial
CACCAGGCACAGACTT-1	Mac
CACCAGGGTGCAACTT-1	Tcell
CACCAGGTCACGAAGG-1	Epithelial
CACCTTGAGCTAGTTC-1	CLEC9A
CACCTTGCATGCTAGT-1	Epithelial
CACCTTGGTTATCCGA-1	Mac
CACCTTGGTTCAGCGC-1	Mac
CACCTTGGTTTGGGCC-1	ASDC
CACCTTGTCCGCAGTG-1	Epithelial
CACCTTGTCGTTACAG-1	Epithelial
CACCTTGTCTTCGGTC-1	Mac
CACTCCAAGCACAGGT-1	NK
CACTCCAAGCGTCAAG-1	LC
CACTCCACATCTACGA-1	Mac
CACTCCAGTAATTGGA-1	CLEC9A
CACTCCAGTCATCCCT-1	Epithelial
CACTCCAGTGGTACAG-1	CLEC9A
CACTCCATCTTGAGGT-1	Epithelial
CAGAATCAGATGTAAC-1	Epithelial
CAGAATCGTATTCGTG-1	CD1C
CAGAGAGAGTAATCCC-1	Epithelial
CAGAGAGCACCCTATC-1	Tcell
CAGAGAGGTGACGCCT-1	LC
CAGATCACAAAGTGCG-1	CLEC9A
CAGATCACACGAAAGC-1	CD1C
CAGATCACATTCTTAC-1	Epithelial
CAGATCAGTGCAGGTA-1	Mac
CAGCAGCAGTAGATGT-1	Mac
CAGCAGCTCAGTGCAT-1	Epithelial
CAGCAGCTCTTACCGC-1	ASDC
CAGCATAAGTCTCCTC-1	Mac
CAGCATAGTTGCCTCT-1	Epithelial
CAGCCGAAGAGCTATA-1	CD1C
CAGCCGAAGCACAGGT-1	Mac
CAGCCGACAAACGTGG-1	Epithelial
CAGCCGACACAAGCCC-1	LC
CAGCGACAGACATAAC-1	Epithelial
CAGCGACAGACCTAGG-1	Mac
CAGCGACCACATGACT-1	CLEC9A
CAGCGACCAGAAGCAC-1	Mac
CAGCGACCAGATAATG-1	Mac
CAGCGACCAGCCAGAA-1	CD1C
CAGCGACTCTTGCCGT-1	Mac
CAGCTAAAGGTGCTTT-1	CD1C
CAGCTAAGTGCACCAC-1	CLEC9A
CAGCTAAGTGCCTGCA-1	CD1C
CAGCTAAGTTCCGTCT-1	Mac
CAGCTGGAGTGGACGT-1	CD1C
CAGCTGGGTACATGTC-1	Tcell
CAGCTGGGTACCGGCT-1	Tcell
CAGCTGGGTCGCTTTC-1	Tcell
CAGCTGGGTGTGACCC-1	Mac
CAGCTGGGTTCCAACA-1	Mac
CAGCTGGTCAGGTTCA-1	CLEC9A
CAGGTGCAGGACCACA-1	Mac
CAGGTGCGTTGATTGC-1	Mac
CAGGTGCTCGAATGGG-1	CLEC9A
CAGTAACAGACATAAC-1	CD1C
CAGTAACCATGCTAGT-1	CD1C
CAGTAACTCACTCCTG-1	Tcell
CAGTCCTAGAAGGGTA-1	Epithelial
CAGTCCTCATGCATGT-1	Epithelial
CAGTCCTGTACACCGC-1	LC
CAGTCCTGTCGCATCG-1	Mac
CAGTCCTTCAGAGCTT-1	Mac
CAGTCCTTCCAAACAC-1	CLEC9A
CAGTCCTTCCGGGTGT-1	ASDC
CATATGGCACCAGGTC-1	Mac
CATATGGCACGTCTCT-1	Mac
CATATGGCAGGATCGA-1	CD1C
CATATGGCATCCAACA-1	ASDC
CATATGGTCCCTAACC-1	ASDC
CATATGGTCTGTTGAG-1	CD1C
CATATTCAGTGAACAT-1	B_Cell
CATATTCCACCGATAT-1	ASDC
CATATTCGTATATGGA-1	CD1C
CATATTCTCACAAACC-1	Mac
CATCAAGAGCGATTCT-1	Mac
CATCAAGAGGGCTCTC-1	Multiplet
CATCAAGTCAGTTTGG-1	CD1C
CATCAAGTCCCGACTT-1	Epithelial
CATCAGACACTATCTT-1	Mac
CATCAGACAGACAAAT-1	Mac
CATCAGATCAGCTCTC-1	CD1C
CATCAGATCCCTTGCA-1	Mac
CATCCACAGTGTACTC-1	Endothelial_Cell
CATCCACGTCTTGCGG-1	Mac
CATCCACTCCTACAGA-1	ASDC
CATCGAAAGAGCTGCA-1	Mac
CATCGAAAGATAGGAG-1	Epithelial
CATCGGGAGATAGCAT-1	NK
CATCGGGAGCTGAACG-1	Mac
CATCGGGAGTGCTGCC-1	Epithelial
CATCGGGCAGTGAGTG-1	Epithelial
CATCGGGCATCCGGGT-1	Mac
CATCGGGCATGAAGTA-1	ASDC
CATCGGGGTTGTACAC-1	CD1C
CATCGGGTCTTAACCT-1	Epithelial
CATGACAAGATCCCAT-1	Mac
CATGACAAGGCGACAT-1	Mac
CATGCCTAGACCCACC-1	CD1C
CATGCCTAGCGACGTA-1	Epithelial
CATGCCTCAAGCCGCT-1	Mac
CATGCCTTCACATACG-1	Mac
CATGCCTTCAGTTAGC-1	Mac
CATGCCTTCCAATGGT-1	Mac
CATGGCGCAAACGCGA-1	CD1C
CATGGCGTCCGTACAA-1	CD1C
CATTATCAGAGTTGGC-1	Mac
CATTATCCAGGTGCCT-1	Epithelial
CATTCGCGTCTTCTCG-1	ASDC
CATTCGCGTGCATCTA-1	Mac
CATTCGCGTTATGTGC-1	ASDC
CCAATCCAGGGATGGG-1	Epithelial
CCAATCCAGTACGATA-1	Tcell
CCAATCCCATCACAAC-1	Epithelial
CCAATCCCATTCCTCG-1	CD1C
CCAATCCGTATGGTTC-1	LC
CCAATCCGTTCCCTTG-1	Mac
CCAATCCTCCGTCATC-1	Mac
CCAATCCTCGAACTGT-1	MDSC
CCAATCCTCGCGATCG-1	Tcell
CCACCTAGTGTGTGCC-1	CD1C
CCACGGAAGCCTTGAT-1	Epithelial
CCACGGAAGGCAAAGA-1	Mac
CCACGGAGTCGAAAGC-1	CLEC9A
CCACTACAGCAAATCA-1	CLEC9A
CCACTACAGTACATGA-1	Mac
CCACTACAGTAGGCCA-1	Epithelial
CCACTACAGTTAGGTA-1	Epithelial
CCACTACCACCGAATT-1	Mac
CCACTACGTTCCAACA-1	Epithelial
CCACTACTCCACGTGG-1	MDSC
CCAGCGAAGAACTGTA-1	Mac
CCAGCGAAGCTAGGCA-1	Mac
CCAGCGAAGTCTCGGC-1	Epithelial
CCAGCGAAGTTTCCTT-1	Mac
CCAGCGAGTATCAGTC-1	ASDC
CCAGCGAGTGTTTGTG-1	Epithelial
CCAGCGAGTTTGTTGG-1	Epithelial
CCAGCGATCACGCATA-1	Multiplet
CCAGCGATCCACGTGG-1	CD1C
CCATGTCAGTGGTAGC-1	Epithelial
CCATGTCCACAGCGTC-1	Mac
CCATGTCGTCTCTTAT-1	Epithelial
CCATGTCGTTTGTGTG-1	Epithelial
CCATGTCTCTCGAGTA-1	Epithelial
CCATTCGCATTAGGCT-1	Tcell
CCCAATCCATCAGTCA-1	Epithelial
CCCAATCGTGCAGTAG-1	CD1C
CCCAATCGTGGTCTCG-1	CD1C
CCCAATCGTGTTGGGA-1	Epithelial
CCCAATCTCTGTCAAG-1	Epithelial
CCCAGTTGTCCATGAT-1	CD1C
CCCAGTTGTTGAGTTC-1	Mac
CCCATACAGAATGTTG-1	ASDC
CCCATACCACGGTAAG-1	CD1C
CCCATACTCCCAAGTA-1	Epithelial
CCCTCCTAGCACCGTC-1	LC
CCCTCCTAGCTAGTTC-1	Mac
CCCTCCTAGGTAGCCA-1	Mac
CCCTCCTCATATACCG-1	ASDC
CCCTCCTGTCAAGCGA-1	CD1C
CCCTCCTGTCTCCATC-1	Epithelial
CCCTCCTTCGACCAGC-1	Epithelial
CCGGTAGGTTCCTCCA-1	ASDC
CCGGTAGTCCAAACAC-1	Epithelial
CCGGTAGTCTCTTATG-1	Epithelial
CCGTACTAGGGATACC-1	LC
CCGTACTAGTGTCTCA-1	CD1C
CCGTACTCAAGCGAGT-1	Mac
CCGTACTTCCTAGAAC-1	CLEC9A
CCGTACTTCGCAGGCT-1	CLEC9A
CCGTGGAAGGAATTAC-1	Tcell
CCGTGGACAAACGTGG-1	ASDC
CCGTGGAGTACCGGCT-1	Epithelial
CCGTGGAGTCAGAGGT-1	Mac
CCGTGGATCTTGCAAG-1	Mac
CCGTTCAAGGAATTAC-1	Mac
CCGTTCACACCGAATT-1	Mac
CCGTTCAGTGGGTATG-1	LC
CCGTTCAGTGTATGGG-1	Epithelial
CCTAAAGAGACAGAGA-1	Tcell
CCTAAAGAGATCCTGT-1	ASDC
CCTAAAGTCCTCTAGC-1	ASDC
CCTACACAGACACGAC-1	CD1C
CCTACACAGTACCGGA-1	Tcell
CCTACACCACATCTTT-1	Mac
CCTACACCAGATCCAT-1	CLEC9A
CCTACACCAGCAGTTT-1	Epithelial
CCTACACCATATGCTG-1	Mac
CCTACACCATTCTTAC-1	Epithelial
CCTACACGTCCCTTGT-1	LC
CCTACACTCGATAGAA-1	ASDC
CCTACACTCTTGCCGT-1	Mac
CCTACCAAGAGGGATA-1	Tcell
CCTACCACAGCGTAAG-1	Mac
CCTACCACATTTCACT-1	MDSC
CCTACCATCACAGTAC-1	CLEC9A
CCTAGCTAGGCATGTG-1	ASDC
CCTAGCTCAAGGACAC-1	Tcell
CCTAGCTCACAACGTT-1	Epithelial
CCTAGCTCACGAAACG-1	Mac
CCTAGCTCAGCCTTTC-1	Tcell
CCTAGCTCAGGATTGG-1	CD1C
CCTAGCTGTACCTACA-1	Mac
CCTATTAAGCCCGAAA-1	Mac
CCTATTAAGGAGTTTA-1	Mac
CCTATTAAGTGACATA-1	Epithelial
CCTATTACAAGCGAGT-1	Mac
CCTATTACAGGGTACA-1	Mac
CCTATTACATGGGACA-1	Tcell
CCTCAGTCAGCCACCA-1	Mac
CCTCAGTCATGATCCA-1	Mac
CCTCAGTGTATCAGTC-1	CD1C
CCTCAGTTCCATGAGT-1	Mac
CCTCAGTTCCGCGGTA-1	Epithelial
CCTCTGAAGACAAGCC-1	CLEC9A
CCTCTGAAGCACAGGT-1	Mac
CCTCTGAAGCTGAAAT-1	Tcell
CCTCTGACACAAGCCC-1	Mac
CCTCTGACACATCTTT-1	Mac
CCTCTGACACATTCGA-1	Multiplet
CCTCTGAGTAACGCGA-1	CD1C
CCTCTGAGTCAACTGT-1	Mac
CCTCTGAGTGATAAGT-1	Mac
CCTCTGAGTTCATGGT-1	CD1C
CCTCTGATCATCGGAT-1	LC
CCTCTGATCTGGCGAC-1	CLEC9A
CCTTACGAGGCTCATT-1	Tcell
CCTTACGAGGTACTCT-1	CLEC9A
CCTTACGCAGCTTCGG-1	CLEC9A
CCTTACGGTACCGGCT-1	Tcell
CCTTACGGTAGCTAAA-1	Mac
CCTTACGGTTCTCATT-1	Mac
CCTTACGTCGATCCCT-1	Epithelial
CCTTCCCAGGCATGGT-1	MDSC
CCTTCCCAGGCTCTTA-1	CD1C
CCTTCCCGTCAATGTC-1	Multiplet
CCTTCCCTCTCTGTCG-1	LC
CCTTCGAAGCTAAACA-1	CD1C
CCTTCGACACATGGGA-1	Mac
CCTTCGAGTAGCCTCG-1	Mac
CCTTCGAGTGCGGTAA-1	PDC
CCTTCGAGTTCTGTTT-1	CLEC9A
CCTTCGATCCCTTGTG-1	Fibroblast
CCTTTCTAGTCCATAC-1	CD1C
CCTTTCTCAAAGGCGT-1	ASDC
CCTTTCTCACACATGT-1	Mac
CCTTTCTGTACAGTGG-1	CLEC9A
CCTTTCTGTGAGGGAG-1	ASDC
CCTTTCTTCGCAGGCT-1	Epithelial
CCTTTCTTCTATCCTA-1	ASDC
CGAACATAGAGTGAGA-1	Tcell
CGAACATGTGTTCTTT-1	CD1C
CGAATGTCATGTTCCC-1	Epithelial
CGACCTTAGTGTACTC-1	CLEC9A
CGACCTTCAAGGTTTC-1	Fibroblast
CGACCTTGTCTAGGTT-1	Mac
CGACCTTTCGAGGTAG-1	Mac
CGACCTTTCTGTCTCG-1	B_Cell
CGACTTCGTCTGATCA-1	CD1C
CGACTTCTCGGTTAAC-1	CD1C
CGAGAAGAGAGTGACC-1	CD1C
CGAGAAGAGGGATGGG-1	Epithelial
CGAGAAGCAGGGTACA-1	Tcell
CGAGAAGCATGCAATC-1	CLEC9A
CGAGAAGGTACCAGTT-1	Mac
CGAGAAGGTAGCGATG-1	Mac
CGAGAAGTCACTCCTG-1	CD1C
CGAGAAGTCTATCCTA-1	CD1C
CGAGCACCAGTTCATG-1	Epithelial
CGAGCACGTCACACGC-1	Tcell
CGAGCACGTGCCTGGT-1	CD1C
CGAGCCAAGCTGCAAG-1	Epithelial
CGAGCCACATAGTAAG-1	Mac
CGAGCCAGTCTAGCGC-1	CD1C
CGAGCCAGTGCAGTAG-1	Tcell
CGATCGGAGCGTTGCC-1	CLEC9A
CGATCGGAGTGCTGCC-1	CD1C
CGATCGGGTTGGTGGA-1	CLEC9A
CGATCGGTCGACGGAA-1	ASDC
CGATGGCAGTGTACCT-1	Mac
CGATGGCCATTACCTT-1	CD1C
CGATGGCGTGAGTATA-1	ASDC
CGATGGCTCAGGCAAG-1	Mac
CGATGTAAGCCATCGC-1	Mac
CGATGTACATGCGCAC-1	Mac
CGATGTAGTCTAGCGC-1	CD1C
CGATGTAGTTTGACAC-1	ASDC
CGATGTATCACCGGGT-1	Epithelial
CGATGTATCCATGCTC-1	Epithelial
CGATGTATCCTGCAGG-1	CD1C
CGATGTATCTGCTGTC-1	ASDC
CGATTGACACAAGTAA-1	Mac
CGATTGACATACTCTT-1	Mac
CGATTGAGTAGGCTGA-1	Tcell
CGATTGAGTCACACGC-1	CLEC9A
CGCCAAGGTAAACACA-1	Tcell
CGCCAAGTCACAGTAC-1	CD1C
CGCCAAGTCCTAGAAC-1	CD1C
CGCGGTAGTCCAACTA-1	Mac
CGCGGTAGTTATTCTC-1	Epithelial
CGCGGTAGTTCCTCCA-1	LC
CGCGTTTCAAACCCAT-1	CD1C
CGCTATCAGCCAGTAG-1	Mac
CGCTATCCAAGCGAGT-1	ASDC
CGCTATCGTTGATTGC-1	Tcell
CGCTATCTCATGTAGC-1	Mac
CGCTATCTCCTCCTAG-1	Mac
CGCTGGAAGCCACGTC-1	Mac
CGCTGGACACCATCCT-1	PDC
CGCTGGACATGCATGT-1	Tcell
CGCTGGAGTGGTCTCG-1	CLEC9A
CGCTGGATCAGAGACG-1	CD1C
CGCTGGATCTGACCTC-1	Tcell
CGCTTCACACCTATCC-1	CD1C
CGCTTCACAGTACACT-1	Mac
CGCTTCACATGCTGGC-1	CD1C
CGGACACCACGTGAGA-1	CD1C
CGGACACGTCCCTTGT-1	CD1C
CGGACACTCCAGAGGA-1	Mac
CGGACACTCGGATGGA-1	LC
CGGACGTCATATGAGA-1	Tcell
CGGACGTTCATATCGG-1	LC
CGGACTGAGCAGCGTA-1	Mac
CGGACTGCAAATCCGT-1	Mac
CGGACTGCAAATTGCC-1	Mac
CGGACTGTCGTATCAG-1	Mac
CGGAGCTAGGACACCA-1	ASDC
CGGAGCTGTCTCGTTC-1	Tcell
CGGAGCTTCCTCAACC-1	Mac
CGGAGCTTCGGGAGTA-1	Mac
CGGAGTCAGTCCCACG-1	Epithelial
CGGAGTCAGTCGTTTG-1	Epithelial
CGGAGTCTCTGAAAGA-1	Epithelial
CGGCTAGAGGCTCTTA-1	Mac
CGGCTAGCAGGCTCAC-1	ASDC
CGGCTAGTCCGTCAAA-1	CD1C
CGGGTCACAGACAGGT-1	Mac
CGGGTCACATGCAACT-1	ASDC
CGGTTAAAGAGACTTA-1	Epithelial
CGGTTAAGTACATCCA-1	Epithelial
CGTAGCGAGAACAACT-1	MDSC
CGTAGCGAGTTGCAGG-1	ASDC
CGTAGCGGTGGCTCCA-1	Mac
CGTAGCGGTGTCTGAT-1	LC
CGTAGCGTCATGCATG-1	Epithelial
CGTAGGCAGACACTAA-1	CD1C
CGTAGGCAGAGCTTCT-1	Mac
CGTAGGCGTCAGAATA-1	Epithelial
CGTAGGCTCACAAACC-1	CD1C
CGTCACTGTTAGATGA-1	ASDC
CGTCAGGAGAACTCGG-1	Mac
CGTCAGGAGAAGGTGA-1	Tcell
CGTCAGGAGACACTAA-1	CD1C
CGTCAGGTCATATCGG-1	ASDC
CGTCAGGTCGTAGATC-1	CD1C
CGTCCATAGAGGACGG-1	CLEC9A
CGTCCATTCGCCCTTA-1	B_Cell
CGTCTACAGGATCGCA-1	CLEC9A
CGTCTACCACAGGCCT-1	Mac
CGTCTACTCCGCATAA-1	Mac
CGTCTACTCCGCATCT-1	Mac
CGTGAGCAGAAACCGC-1	Epithelial
CGTGAGCGTGTATGGG-1	PDC
CGTGAGCTCACCGTAA-1	Mac
CGTGTAACAGGACCCT-1	Epithelial
CGTGTAAGTGCACTTA-1	LC
CGTGTAAGTTGCCTCT-1	LC
CGTGTCTAGCACCGTC-1	CD1C
CGTGTCTAGTTCGCAT-1	Mac
CGTTAGAAGCCCTAAT-1	Mac
CGTTAGAAGGACAGAA-1	Mac
CGTTAGAAGGGTTTCT-1	CD1C
CGTTAGAAGTGTCCCG-1	CLEC9A
CGTTAGACACGACTCG-1	Mac
CGTTAGACATGCCACG-1	CD1C
CGTTCTGCACTGTCGG-1	CD1C
CGTTCTGTCAGCAACT-1	Epithelial
CGTTCTGTCGGTTAAC-1	Epithelial
CGTTGGGCACGAGAGT-1	Tcell
CGTTGGGTCGATAGAA-1	Epithelial
CGTTGGGTCTTGCATT-1	Epithelial
CTAACTTAGCCACGCT-1	Mac
CTAAGACAGCGTGAGT-1	Epithelial
CTAAGACGTAAACACA-1	Tcell
CTAAGACGTTACGTCA-1	MDSC
CTAATGGCATGTCCTC-1	MDSC
CTAATGGTCAGCACAT-1	Mac
CTAATGGTCGTACCGG-1	CLEC9A
CTAATGGTCTTAACCT-1	Epithelial
CTACACCAGTCAAGGC-1	LC
CTACACCCAAACGCGA-1	Epithelial
CTACATTAGGAGCGTT-1	CLEC9A
CTACATTGTAGGGACT-1	Tcell
CTACATTGTATTCTCT-1	Mac
CTACATTGTGAACCTT-1	Mac
CTACATTGTTTGACAC-1	Mac
CTACGTCAGAAAGTGG-1	Epithelial
CTACGTCCAGACGCAA-1	Mac
CTACGTCTCAAACAAG-1	Mac
CTAGAGTAGGCTAGCA-1	Epithelial
CTAGAGTAGTCAATAG-1	CD1C
CTAGAGTCACGCATCG-1	LC
CTAGAGTGTCAGAGGT-1	Epithelial
CTAGAGTGTCAGCTAT-1	Epithelial
CTAGCCTAGATCGATA-1	B_Cell
CTAGCCTAGTGGGTTG-1	Mac
CTAGCCTAGTTAACGA-1	Multiplet
CTAGCCTCATGACATC-1	Epithelial
CTAGCCTCATGTCCTC-1	CD1C
CTAGCCTGTGCAGGTA-1	Multiplet
CTAGCCTTCTTATCTG-1	Mac
CTAGTGAAGGATCGCA-1	CD1C
CTAGTGACAAGTCTGT-1	Mac
CTAGTGACATACAGCT-1	Epithelial
CTAGTGAGTCATATGC-1	Endothelial_Cell
CTAGTGAGTCTTTCAT-1	Epithelial
CTCACACAGGGTATCG-1	Mac
CTCACACCAAGTTCTG-1	Mac
CTCACACGTTAAGTAG-1	Tcell
CTCACACTCAGGCCCA-1	Epithelial
CTCAGAAGTATGGTTC-1	MDSC
CTCAGAATCCATGCTC-1	CD1C
CTCATTACACTTACGA-1	ASDC
CTCATTAGTCAGTGGA-1	Epithelial
CTCATTATCGAGAACG-1	CLEC9A
CTCCTAGAGAAACCTA-1	CD1C
CTCCTAGAGATAGTCA-1	Multiplet
CTCCTAGAGTAACCCT-1	Mac
CTCCTAGAGTCAATAG-1	CD1C
CTCCTAGAGTTCGCAT-1	Epithelial
CTCCTAGCAGACAGGT-1	Mac
CTCCTAGGTGGACGAT-1	Epithelial
CTCCTAGTCCGCATCT-1	Tcell
CTCCTAGTCGTTACGA-1	Mac
CTCGAAAAGATAGTCA-1	Tcell
CTCGAAACACAGCGTC-1	Mac
CTCGAAACAGTATCTG-1	CD1C
CTCGAAATCCGCAAGC-1	CD1C
CTCGAAATCTTAGAGC-1	Tcell
CTCGAGGAGTGCGATG-1	Mac
CTCGAGGCATGCATGT-1	Epithelial
CTCGAGGGTACGAAAT-1	Epithelial
CTCGAGGGTATGCTTG-1	CLEC9A
CTCGGAGAGCGATTCT-1	Epithelial
CTCGGAGCATATGGTC-1	Mac
CTCGGAGGTACCTACA-1	Mac
CTCGGAGGTGTGGCTC-1	CD1C
CTCGGGAAGGTCGGAT-1	CLEC9A
CTCGGGAGTACAGCAG-1	Mac
CTCGGGAGTCCGAGTC-1	Epithelial
CTCGGGAGTGTCTGAT-1	Tcell
CTCGTACAGAAGGACA-1	Mac
CTCGTACAGTGAAGTT-1	LC
CTCGTACCACCCATGG-1	Epithelial
CTCGTACCAGTGACAG-1	CLEC9A
CTCGTACGTATTCTCT-1	CLEC9A
CTCGTCAAGCACGCCT-1	Mac
CTCGTCAAGGTGCAAC-1	CD1C
CTCGTCAAGTGGACGT-1	CD1C
CTCGTCAGTCCCTACT-1	Mac
CTCGTCATCGAGCCCA-1	CD1C
CTCGTCATCGGAAATA-1	CD1C
CTCGTCATCTACTCAT-1	Mac
CTCTAATCACAGGAGT-1	Epithelial
CTCTAATTCTTCCTTC-1	CD1C
CTCTACGCATACGCTA-1	CD1C
CTCTACGCATGATCCA-1	Mac
CTCTACGGTTATTCTC-1	CD1C
CTCTGGTAGCGATTCT-1	Multiplet
CTCTGGTAGTACGTAA-1	Mac
CTCTGGTCACGGTAGA-1	Mac
CTCTGGTGTAAATGAC-1	Mac
CTGAAACAGGGCTTCC-1	ASDC
CTGAAACAGGGTCGAT-1	Mac
CTGAAACCACAAGTAA-1	LC
CTGAAACCAGTGGAGT-1	CD1C
CTGAAGTCAAACCCAT-1	CD1C
CTGAAGTCAAGTTGTC-1	Epithelial
CTGAAGTCACCTCGGA-1	Epithelial
CTGATAGAGTGGAGAA-1	Epithelial
CTGATAGAGTTAGCGG-1	Mac
CTGATAGCAACGATGG-1	Fibroblast
CTGATAGCAACTGCGC-1	Tcell
CTGATAGCACGACGAA-1	Mac
CTGATAGGTTCCGTCT-1	Epithelial
CTGATCCGTCGAACAG-1	Mac
CTGATCCTCCGTCATC-1	CD1C
CTGCCTAGTAGCGCAA-1	Epithelial
CTGCCTAGTCGAAAGC-1	CD1C
CTGCCTAGTCGCATAT-1	CD1C
CTGCCTATCACCATAG-1	CLEC9A
CTGCGGAAGTGGTAGC-1	Tcell
CTGCGGACAGATGGCA-1	Epithelial
CTGCGGATCTCTTATG-1	ASDC
CTGCTGTAGTGTCCAT-1	Mac
CTGCTGTGTTTGGGCC-1	Mac
CTGGTCTGTCTTCAAG-1	Mac
CTGGTCTGTTGAGGTG-1	Epithelial
CTGTGCTAGGGTATCG-1	LC
CTGTTTAAGTTGAGAT-1	Tcell
CTGTTTAGTAAGGATT-1	Tcell
CTGTTTAGTCTCTCTG-1	LC
CTGTTTAGTGCACTTA-1	Mac
CTGTTTATCACTCCTG-1	Mac
CTTAACTAGGACCACA-1	CD1C
CTTAACTAGTGCTGCC-1	CD1C
CTTAACTCAATTGCTG-1	Mac
CTTAACTCAGTGGGAT-1	Epithelial
CTTAACTCATTCCTGC-1	Mac
CTTAACTGTCTCTTAT-1	CLEC9A
CTTAACTGTGACTACT-1	CD1C
CTTACCGAGAGTGACC-1	Multiplet
CTTACCGAGGCATGGT-1	CD1C
CTTACCGCATGTCCTC-1	Mac
CTTACCGGTACGAAAT-1	Epithelial
CTTACCGGTTCTGAAC-1	CD1C
CTTAGGAAGATCACGG-1	Epithelial
CTTAGGACAAATACAG-1	Mac
CTTAGGATCTATCGCC-1	Mac
CTTCTCTCAAAGAATC-1	Tcell
CTTCTCTCATAGGATA-1	Tcell
CTTCTCTCATCGGACC-1	ASDC
CTTGGCTCAGCTGCTG-1	PDC
CTTGGCTCATCAGTAC-1	CD1C
CTTGGCTGTTTGCATG-1	Epithelial
CTTGGCTTCGGCATCG-1	CD1C
CTTTGCGTCCTCTAGC-1	CD1C
CTTTGCGTCGAGCCCA-1	CD1C
GAAACTCAGACAATAC-1	LC
GAAACTCAGGACATTA-1	CD1C
GAAACTCCAATCTGCA-1	Tcell
GAAACTCTCTAGAGTC-1	Mac
GAAATGAAGCTAGTTC-1	Mac
GAAATGACACGGCTAC-1	Tcell
GAAATGAGTGATGCCC-1	CD1C
GAAATGATCAGGCAAG-1	Mac
GAACATCCACGAGGTA-1	CD1C
GAACATCGTACGCTGC-1	Multiplet
GAACATCGTCAAAGCG-1	Mac
GAACATCTCCGTAGTA-1	Mac
GAACCTAGTCGAAAGC-1	LC
GAACCTATCTACCTGC-1	CD1C
GAACCTATCTGGTTCC-1	Epithelial
GAACGGAAGTCTCGGC-1	Mac
GAACGGATCACAGGCC-1	Mac
GAACGGATCATCTGCC-1	Epithelial
GAAGCAGAGCACCGCT-1	ASDC
GAAGCAGAGCCATCGC-1	CD1C
GAAGCAGTCGAACTGT-1	Mac
GAATGAAAGCCAGGAT-1	CD1C
GAATGAAAGTCTCAAC-1	Epithelial
GAATGAACACAGAGGT-1	Epithelial
GAATGAATCCACGTTC-1	CD1C
GAATGAATCTTGAGGT-1	Tcell
GACACGCAGGGTCTCC-1	CLEC9A
GACACGCAGTACACCT-1	CD1C
GACACGCGTTCGGGCT-1	CD1C
GACACGCTCACTCTTA-1	Mac
GACCAATAGGCAATTA-1	Mac
GACCAATGTAGCCTAT-1	CD1C
GACCAATTCCTATGTT-1	Epithelial
GACCTGGAGATGGGTC-1	Mac
GACCTGGGTGGTCCGT-1	Mac
GACCTGGTCCATGCTC-1	Epithelial
GACCTGGTCGGAAACG-1	Mac
GACGCGTAGAGTACCG-1	NK
GACGCGTCACAGAGGT-1	Mac
GACGCGTCATGTCGAT-1	ASDC
GACGCGTGTGAAATCA-1	CD1C
GACGGCTAGTCCATAC-1	CLEC9A
GACGGCTCACAACTGT-1	Epithelial
GACGGCTGTGCTGTAT-1	Epithelial
GACGGCTTCGCTTAGA-1	Tcell
GACGTGCCACGGACAA-1	Mac
GACGTGCCACTTGGAT-1	Mac
GACGTGCGTGTCGCTG-1	Mac
GACGTTAAGCACCGTC-1	Mac
GACGTTACAATGACCT-1	CD1C
GACGTTAGTAAACCTC-1	CD1C
GACGTTAGTACCGCTG-1	CD1C
GACTAACCAAGGTGTG-1	CLEC9A
GACTACACATCCGCGA-1	ASDC
GACTACAGTTAAGACA-1	ASDC
GACTACATCGCGCCAA-1	CD1C
GACTGCGCAGATCGGA-1	Tcell
GACTGCGCATTTGCTT-1	LC
GACTGCGGTAAGAGAG-1	Epithelial
GACTGCGGTCGGGTCT-1	CLEC9A
GACTGCGGTGAAGGCT-1	CD1C
GACTGCGTCCGGCACA-1	CD1C
GACTGCGTCTTGTACT-1	CLEC9A
GAGCAGAGTCAACTGT-1	Epithelial
GAGGTGAAGCCAACAG-1	Epithelial
GAGGTGATCACCCGAG-1	Mac
GAGGTGATCTCCAACC-1	Mac
GAGTCCGAGCGACGTA-1	Mac
GAGTCCGAGGACACCA-1	CLEC9A
GAGTCCGGTACAGTTC-1	Mac
GAGTCCGTCAGCTCGG-1	CD1C
GATCAGTAGAAGCCCA-1	Tcell
GATCAGTAGGCAGTCA-1	Epithelial
GATCAGTCAATGAAAC-1	ASDC
GATCAGTCACTTCTGC-1	Epithelial
GATCAGTCAGAGCCAA-1	LC
GATCAGTCATAGAAAC-1	Epithelial
GATCAGTCATCGATTG-1	CD1C
GATCAGTCATTAGCCA-1	Epithelial
GATCGATCATAGGATA-1	Tcell
GATCGATTCGTTACAG-1	MDSC
GATCGATTCTTGACGA-1	Tcell
GATCGCGAGAAACCGC-1	Tcell
GATCGCGAGGATGTAT-1	MDSC
GATCGCGGTTGTTTGG-1	CD1C
GATCGTAAGATGTGTA-1	Mac
GATCGTAGTCGAATCT-1	Tcell
GATCGTATCAGTTTGG-1	Mac
GATCTAGCACATTAGC-1	Mac
GATCTAGCAGACAAGC-1	Mac
GATCTAGCAGGCAGTA-1	LC
GATCTAGTCTGATTCT-1	CD1C
GATGAGGAGGTCGGAT-1	ASDC
GATGAGGAGTACGTTC-1	Epithelial
GATGAGGAGTGTTGAA-1	Epithelial
GATGCTAAGATCGATA-1	Mac
GATGCTAAGGCAGGTT-1	CLEC9A
GATGCTAAGTCAAGGC-1	PDC
GATGCTAGTCTCCATC-1	CLEC9A
GATGCTATCGGCCGAT-1	CD1C
GATTCAGCAGTGAGTG-1	CD1C
GATTCAGGTCAACTGT-1	CD1C
GATTCAGTCAACTCTT-1	CD1C
GATTCAGTCGTGGGAA-1	CD1C
GCAAACTCAGATGGCA-1	CD1C
GCAAACTCAGTATAAG-1	Mac
GCAAACTTCTCCGGTT-1	Mac
GCAATCACAAGCCCAC-1	Mac
GCAATCACACCAGGCT-1	Mac
GCAATCATCAAGGCTT-1	CD1C
GCAATCATCAATCTCT-1	Epithelial
GCAATCATCCGCAGTG-1	CD1C
GCACATAAGACCTTTG-1	Epithelial
GCACATAAGGAGCGTT-1	CD1C
GCACATAGTGATAAAC-1	CD1C
GCACATAGTGATGTCT-1	Mac
GCACATAGTGCGATAG-1	Mac
GCACATATCGTGGACC-1	ASDC
GCACTCTAGCGTTTAC-1	Mac
GCACTCTGTTCTGTTT-1	LC
GCACTCTTCCTTGGTC-1	CD1C
GCAGCCACATCTCGCT-1	MDSC
GCAGCCAGTTTCCACC-1	Mac
GCAGCCATCTTGCCGT-1	Epithelial
GCAGTTACATTGGCGC-1	CLEC9A
GCAGTTAGTGGCTCCA-1	Epithelial
GCATACACAAAGCAAT-1	Epithelial
GCATACATCATTATCC-1	Tcell
GCATACATCTGCCCTA-1	MDSC
GCATGATAGCTGTTCA-1	Fibroblast
GCATGATGTAGCACGA-1	CLEC9A
GCATGATGTCCGACGT-1	CLEC9A
GCATGCGAGTCATGCT-1	Tcell
GCATGCGCACAAGACG-1	Mac
GCATGCGGTCCGTGAC-1	Endothelial_Cell
GCATGCGTCATTCACT-1	Mac
GCATGCGTCGTACGGC-1	Epithelial
GCATGCGTCTTGTATC-1	Mac
GCATGTAAGACAGACC-1	Epithelial
GCATGTAGTGACCAAG-1	CLEC9A
GCATGTATCTTGACGA-1	Mac
GCCAAATGTTGGACCC-1	Mac
GCCAAATTCCGCTGTT-1	CLEC9A
GCCTCTAAGAAGGACA-1	CD1C
GCCTCTAAGTGTACGG-1	CLEC9A
GCCTCTAAGTTAGCGG-1	CLEC9A
GCCTCTACAGTCAGAG-1	CD1C
GCCTCTAGTGCGATAG-1	ASDC
GCCTCTAGTTCTCATT-1	Epithelial
GCCTCTAGTTGTTTGG-1	Mac
GCCTCTATCAAAGACA-1	CD1C
GCGACCAAGGTCGGAT-1	Fibroblast
GCGACCACATCACGTA-1	Mac
GCGCAACAGCGGATCA-1	Mac
GCGCAACAGTGTACGG-1	Epithelial
GCGCAACGTAATCGTC-1	Mac
GCGCAACGTTCGGCAC-1	Epithelial
GCGCAGTGTAGCGCTC-1	Multiplet
GCGCAGTTCATTGCCC-1	CLEC9A
GCGCCAAAGGCCATAG-1	CD1C
GCGCCAAAGGCGACAT-1	Epithelial
GCGCCAATCCCGACTT-1	ASDC
GCGCGATTCCCAAGAT-1	CD1C
GCGCGATTCGATAGAA-1	Mac
GCGCGATTCGGAGGTA-1	Mac
GCGGGTTAGCCGATTT-1	Tcell
GCGGGTTCAATCGGTT-1	Epithelial
GCGGGTTCACTATCTT-1	CLEC9A
GCGGGTTTCCCTTGTG-1	CLEC9A
GCGGGTTTCGGAGGTA-1	Mac
GCGGGTTTCTAACTTC-1	Mac
GCGGGTTTCTCGAGTA-1	CD1C
GCTCCTAAGGATGGAA-1	Mac
GCTCCTACACCCATGG-1	ASDC
GCTCCTAGTCACCCAG-1	Epithelial
GCTCCTATCAGCGATT-1	CD1C
GCTCTGTGTTCCCTTG-1	ASDC
GCTCTGTTCACAACGT-1	CD1C
GCTGCGAAGCCGGTAA-1	CLEC9A
GCTGCGATCCAAGCCG-1	Mac
GCTGCGATCTCCAACC-1	CD1C
GCTGCTTAGATCTGAA-1	Epithelial
GCTGCTTAGCTCTCGG-1	CLEC9A
GCTGCTTCACAGAGGT-1	Mac
GCTGCTTCACGAAAGC-1	Mac
GCTGCTTGTTCGGGCT-1	LC
GCTGCTTTCAGAGACG-1	CD1C
GCTGGGTAGCTCCCAG-1	CD1C
GCTGGGTAGTGAACAT-1	CD1C
GCTGGGTTCCACTCCA-1	Epithelial
GCTTCCACAGTAGAGC-1	Mac
GCTTCCACAGTCAGCC-1	Mac
GCTTCCAGTTGATTGC-1	Mac
GCTTCCATCTTCTGGC-1	CD1C
GCTTGAAAGCAGCCTC-1	Mac
GCTTGAACAGCGATCC-1	Mac
GCTTGAAGTCGCGGTT-1	CLEC9A
GCTTGAAGTCTCTCTG-1	B_Cell
GGAAAGCAGCGGATCA-1	ASDC
GGAAAGCCATCTCGCT-1	Multiplet
GGAAAGCTCCGCGCAA-1	Epithelial
GGAAAGCTCCTTGGTC-1	CLEC9A
GGAACTTGTCTCAACA-1	Mac
GGAACTTTCATGCATG-1	Tcell
GGAATAAGTCTGCAAT-1	Multiplet
GGAATAATCGCCCTTA-1	Mac
GGACAAGAGCGTTGCC-1	Mac
GGACAAGCAGCTGTTA-1	CLEC9A
GGACAGACATTCTCAT-1	CD1C
GGACAGAGTCTTTCAT-1	Tcell
GGACAGATCTGTCCGT-1	Epithelial
GGACATTAGACATAAC-1	Tcell
GGACATTAGCTCCTCT-1	Mac
GGACATTGTCATCGGC-1	ASDC
GGACATTGTTAAGGGC-1	CD1C
GGACGTCCACACAGAG-1	Mac
GGACGTCCAGGCGATA-1	Epithelial
GGACGTCGTGACGGTA-1	Mac
GGACGTCTCAACGAAA-1	ASDC
GGACGTCTCCGAAGAG-1	Mac
GGAGCAAAGCCCAACC-1	Epithelial
GGAGCAACACCACCAG-1	CLEC9A
GGATGTTAGAATTCCC-1	CD1C
GGATGTTAGACGACGT-1	CD1C
GGATGTTAGATCCTGT-1	Epithelial
GGATGTTAGCGTGAAC-1	Mac
GGATGTTCAAGGACTG-1	Mac
GGATGTTGTAAGCACG-1	Epithelial
GGATGTTGTGTTAAGA-1	CD1C
GGCAATTGTGCCTGCA-1	Mac
GGCAATTGTTCCGTCT-1	Tcell
GGCAATTGTTTACTCT-1	ASDC
GGCAATTTCAAACCGT-1	LC
GGCAATTTCCCACTTG-1	CD1C
GGCAATTTCCTCAACC-1	Mac
GGCAATTTCCTGCCAT-1	CLEC9A
GGCCGATAGGAATCGC-1	LC
GGCCGATCAAGGTGTG-1	Melanocyte
GGCCGATCACAGACAG-1	CD1C
GGCCGATCATTGAGCT-1	Mac
GGCCGATGTACGCACC-1	CLEC9A
GGCCGATTCGCAAACT-1	CLEC9A
GGCGACTAGGCCCTTG-1	CD1C
GGCGACTCAAACTGCT-1	Mac
GGCGACTCAATAGCAA-1	Mac
GGCGACTCAGGAATCG-1	Mac
GGCGACTCATGGTCTA-1	Mac
GGCGACTCATTTGCCC-1	LC
GGCGTGTCAGACTCGC-1	CD1C
GGCGTGTCAGGAACGT-1	Mac
GGCGTGTCATCTGGTA-1	Tcell
GGCGTGTGTCTCTTTA-1	CD1C
GGCGTGTTCTGATTCT-1	LC
GGCTCGAAGTTCGCAT-1	CD1C
GGCTCGACAGCTCGCA-1	CD1C
GGCTCGACAGTCGATT-1	CD1C
GGCTCGACATCCGGGT-1	CLEC9A
GGCTCGACATTACGAC-1	ASDC
GGCTCGAGTTCGTTGA-1	Epithelial
GGCTCGATCCTTGGTC-1	Epithelial
GGCTCGATCTGGAGCC-1	Epithelial
GGCTGGTCACGCATCG-1	Mac
GGCTGGTCAGCCAGAA-1	Epithelial
GGCTGGTTCCGCAGTG-1	LC
GGCTGGTTCGCTGATA-1	Mac
GGCTGGTTCTTAGAGC-1	CD1C
GGGAATGCACCAGTTA-1	CD1C
GGGAATGTCAGTCAGT-1	CLEC9A
GGGACCTAGTGGGTTG-1	ASDC
GGGACCTTCTGGTGTA-1	Mac
GGGAGATTCAGAGCTT-1	CD1C
GGGATGAGTCTCGTTC-1	Epithelial
GGGATGATCGGCTTGG-1	CD1C
GGGCACTCAAGTTAAG-1	Mac
GGGCACTCAGGGTTAG-1	Epithelial
GGGCACTGTTCCGTCT-1	CD1C
GGGCACTTCAAAGTAG-1	ASDC
GGGCACTTCGCATGAT-1	CD1C
GGGCACTTCGCCGTGA-1	CD1C
GGGCATCGTCTTCGTC-1	CD1C
GGGCATCGTTACGACT-1	Tcell
GGGTCTGCAGACAAGC-1	Epithelial
GGGTCTGGTACCAGTT-1	Mac
GGGTCTGGTTCACCTC-1	LC
GGGTTGCAGGCTAGCA-1	Epithelial
GGGTTGCAGGTGCTTT-1	CLEC9A
GGGTTGCCACCACCAG-1	Epithelial
GGGTTGCTCGCCTGAG-1	Mac
GGTATTGAGCCTTGAT-1	Epithelial
GGTATTGCAATACGCT-1	CD1C
GGTATTGCATCGATTG-1	CD1C
GGTGAAGAGGCTATCT-1	CD1C
GGTGCGTAGAACTGTA-1	Epithelial
GGTGCGTCACTTACGA-1	Epithelial
GGTGCGTTCCTGCCAT-1	ASDC
GGTGTTAAGGGCTCTC-1	Epithelial
GGTGTTACAAGAGTCG-1	Epithelial
GGTGTTAGTCTTGCGG-1	CD1C
GTAACGTAGATCTGCT-1	CD1C
GTAACGTTCCACGTTC-1	Epithelial
GTAACGTTCCGCATAA-1	Mac
GTAACTGAGGACCACA-1	Epithelial
GTAACTGAGGCAATTA-1	Epithelial
GTAACTGAGGGAGTAA-1	Mac
GTAACTGGTTTAAGCC-1	CD1C
GTAACTGTCCGATATG-1	Tcell
GTACGTAAGACTGTAA-1	Epithelial
GTACGTAAGTTGTCGT-1	LC
GTACGTACACAAGTAA-1	Epithelial
GTACGTACACCTCGTT-1	Epithelial
GTACGTAGTCACTGGC-1	Epithelial
GTACGTAGTCTCTTAT-1	CD1C
GTACTCCCACTATCTT-1	CLEC9A
GTACTCCGTCTACCTC-1	Mac
GTACTCCGTGTCGCTG-1	Epithelial
GTACTCCTCAAAGACA-1	ASDC
GTACTCCTCCTTCAAT-1	Mac
GTACTTTAGCCGGTAA-1	Epithelial
GTACTTTAGTCCTCCT-1	Epithelial
GTACTTTTCTGCGACG-1	Mac
GTAGGCCCATGTTCCC-1	Epithelial
GTAGGCCGTGCATCTA-1	CLEC9A
GTAGGCCTCCTGCCAT-1	CLEC9A
GTAGGCCTCTGGCGTG-1	CD1C
GTAGTCATCATGCATG-1	Tcell
GTATCTTAGCTGTTCA-1	Mac
GTATCTTCACACTGCG-1	CD1C
GTATCTTCAGAGTGTG-1	Tcell
GTATCTTGTAGCCTCG-1	CD1C
GTATTCTAGCGTTGCC-1	Epithelial
GTATTCTCAGATCCAT-1	Epithelial
GTATTCTCAGCCACCA-1	CD1C
GTATTCTCATGGTAGG-1	Mac
GTATTCTTCCTAAGTG-1	Epithelial
GTCAAGTAGTAGCCGA-1	CD1C
GTCAAGTGTACAGTGG-1	Mac
GTCAAGTTCTGCGGCA-1	CD1C
GTCACAAAGGCGACAT-1	Epithelial
GTCACAACACCCTATC-1	Mac
GTCACAATCGTGGACC-1	CD1C
GTCACGGCACCTGGTG-1	Epithelial
GTCACGGGTCGCGAAA-1	Mac
GTCACGGGTGCGGTAA-1	CD1C
GTCATTTAGTGCAAGC-1	Mac
GTCATTTGTCTAGGTT-1	CD1C
GTCATTTTCTATCGCC-1	CD1C
GTCCTCAAGCCCAGCT-1	LC
GTCCTCATCTCTGAGA-1	CD1C
GTCGGGTCACATTAGC-1	CD1C
GTCGGGTCATGCAACT-1	Epithelial
GTCGGGTGTACGAAAT-1	Mac
GTCGTAACAGGACCCT-1	Mac
GTCGTAACAGTATGCT-1	Epithelial
GTCTCGTAGAGCTGGT-1	Mac
GTCTCGTCAGTACACT-1	CD1C
GTCTCGTGTCCGAATT-1	CD1C
GTCTTCGCAAGCCGTC-1	Mac
GTCTTCGGTATCACCA-1	Epithelial
GTCTTCGTCGTTGCCT-1	Mac
GTCTTCGTCTCGTATT-1	Mac
GTGAAGGCATCTATGG-1	Mac
GTGAAGGGTCGCCATG-1	MDSC
GTGAAGGTCATCACCC-1	Epithelial
GTGCAGCAGCTCCTTC-1	Mac
GTGCAGCGTAAATGTG-1	Epithelial
GTGCAGCGTGTCGCTG-1	LC
GTGCATACAGGGTTAG-1	Epithelial
GTGCATAGTACAGTTC-1	CLEC9A
GTGCATAGTGCACGAA-1	Mac
GTGCATATCCTCATTA-1	Epithelial
GTGCGGTAGAATGTGT-1	CLEC9A
GTGCGGTAGAGAACAG-1	Epithelial
GTGCGGTAGAGTGAGA-1	CD1C
GTGCGGTAGGTGATAT-1	Mac
GTGCGGTCATCACGAT-1	Epithelial
GTGCGGTGTATTCTCT-1	Mac
GTGCGGTGTCTCTCTG-1	Epithelial
GTGCGGTGTGGTAACG-1	CD1C
GTGCTTCAGTCAAGGC-1	Epithelial
GTGCTTCGTTCGTCTC-1	ASDC
GTGGGTCAGACGACGT-1	Epithelial
GTGGGTCAGGCCGAAT-1	Epithelial
GTGGGTCAGGCGTACA-1	CD1C
GTGGGTCCAGCTCCGA-1	CLEC9A
GTGGGTCCAGTAGAGC-1	CD1C
GTGGGTCGTCATACTG-1	Mac
GTGTGCGAGCCCTAAT-1	CD1C
GTGTGCGCAGCTGTAT-1	Epithelial
GTGTGCGGTCGGATCC-1	Epithelial
GTGTGCGGTGATGTCT-1	Epithelial
GTGTGCGTCAGAGGTG-1	Mac
GTGTTAGAGAGTACAT-1	Endothelial_Cell
GTGTTAGAGTGTTGAA-1	CLEC9A
GTGTTAGGTAGCTGCC-1	MDSC
GTGTTAGGTTCGTTGA-1	ASDC
GTGTTAGTCACCCTCA-1	Tcell
GTTAAGCAGTCAATAG-1	CLEC9A
GTTAAGCAGTCGTTTG-1	MDSC
GTTAAGCGTACGAAAT-1	CD1C
GTTAAGCTCTACCAGA-1	Epithelial
GTTACAGAGATGCCTT-1	Mac
GTTACAGAGGCAAAGA-1	CD1C
GTTCATTAGAGTGAGA-1	Mac
GTTCATTTCCCTGACT-1	CLEC9A
GTTCGGGAGTGAACGC-1	CLEC9A
GTTCGGGAGTTCCACA-1	Mac
GTTCGGGCAGTAAGCG-1	CD1C
GTTCGGGGTTGAACTC-1	CLEC9A
GTTCGGGTCAGTGTTG-1	CD1C
GTTCTCGGTTATGCGT-1	ASDC
GTTCTCGGTTCCGGCA-1	CLEC9A
GTTCTCGTCAACACCA-1	Mac
GTTTCTAAGAGTAAGG-1	Mac
GTTTCTACACAAGCCC-1	Mac
GTTTCTACACCACCAG-1	Mac
GTTTCTACAGGACCCT-1	Multiplet
GTTTCTAGTTCCAACA-1	Mac
GTTTCTATCTATGTGG-1	Mac
TAAACCGAGTGGGATC-1	Mac
TAAACCGCATGTAGTC-1	Multiplet
TAAACCGGTCAAAGCG-1	Mac
TAAACCGTCGCCAAAT-1	Tcell
TAAGAGACATCCGCGA-1	CLEC9A
TAAGCGTAGAGCTATA-1	Epithelial
TAAGCGTCACTGCCAG-1	CLEC9A
TAAGCGTGTAGGGTAC-1	Tcell
TAAGCGTTCCAAACTG-1	CD1C
TAAGCGTTCTTGTACT-1	CD1C
TAAGTGCAGCAGATCG-1	CD1C
TAAGTGCAGTGGAGTC-1	Tcell
TAAGTGCCAATTGCTG-1	Mac
TAAGTGCGTACGACCC-1	Multiplet
TAAGTGCGTCGAGATG-1	Mac
TACACGACATAGACTC-1	CD1C
TACACGAGTGCCTGGT-1	LC
TACAGTGGTGCCTGCA-1	Epithelial
TACCTATGTCTACCTC-1	Mac
TACCTTAAGGATGGTC-1	Epithelial
TACCTTACAAGCTGTT-1	CD1C
TACCTTACATAGGATA-1	Tcell
TACCTTAGTAACGACG-1	CLEC9A
TACCTTAGTAGCTAAA-1	LC
TACCTTAGTCTCCACT-1	CLEC9A
TACCTTATCATAACCG-1	MDSC
TACCTTATCGAATGGG-1	Epithelial
TACGGATAGGGAGTAA-1	ASDC
TACGGATAGGTGCTAG-1	Epithelial
TACGGATCACTGTGTA-1	Endothelial_Cell
TACGGATGTAGTAGTA-1	Tcell
TACGGATTCCAAGCCG-1	CD1C
TACGGGCTCCACGTGG-1	CD1C
TACGGTAAGAGATGAG-1	MDSC
TACGGTACAATCCGAT-1	Epithelial
TACGGTACACCGTTGG-1	Mac
TACGGTACACGTCAGC-1	Epithelial
TACGGTAGTACATCCA-1	Epithelial
TACGGTAGTCGTTGTA-1	CLEC9A
TACTCATAGTAACCCT-1	Tcell
TACTCATCAGTCCTTC-1	Epithelial
TACTCATGTAGAAGGA-1	CD1C
TACTCGCAGACGCAAC-1	Epithelial
TACTCGCAGCGATCCC-1	ASDC
TACTCGCCAGGATCGA-1	ASDC
TACTCGCTCCAAACTG-1	CD1C
TACTCGCTCTCTTATG-1	Epithelial
TACTTACGTTACAGAA-1	LC
TACTTACGTTCATGGT-1	Epithelial
TACTTACTCAGATAAG-1	Mac
TACTTGTGTGCTCTTC-1	Epithelial
TACTTGTTCAAACGGG-1	CLEC9A
TAGACCAAGGGTGTGT-1	CD1C
TAGACCAGTAAGTTCC-1	Tcell
TAGACCAGTCCTGCTT-1	CD1C
TAGACCATCACCATAG-1	CD1C
TAGAGCTAGCTATGCT-1	CLEC9A
TAGAGCTAGGATGGTC-1	Mac
TAGAGCTAGTACATGA-1	Mac
TAGAGCTCAAGTAATG-1	Tcell
TAGAGCTCACGAAGCA-1	CD1C
TAGAGCTGTAGCAAAT-1	Tcell
TAGAGCTGTCTTCAAG-1	Epithelial
TAGAGCTGTTACGACT-1	Mac
TAGAGCTGTTCCACTC-1	LC
TAGAGCTTCTTAGCCC-1	Mac
TAGCCGGAGGAATCGC-1	Epithelial
TAGCCGGCAAGCCATT-1	ASDC
TAGCCGGGTAAGGGAA-1	Mac
TAGGCATAGCACCGTC-1	Multiplet
TAGGCATAGGGTATCG-1	Mac
TAGGCATAGTACACCT-1	CLEC9A
TAGGCATGTAAATACG-1	CD1C
TAGGCATGTGCAGGTA-1	Epithelial
TAGGCATGTTGGACCC-1	CD1C
TAGGCATTCCTACAGA-1	Mac
TAGGCATTCGCCAAAT-1	Mac
TAGGCATTCGGCGGTT-1	CLEC9A
TAGGCATTCTTACCTA-1	Tcell
TAGTGGTCAAACGTGG-1	CD1C
TAGTGGTCAGCTGTTA-1	Mac
TAGTTGGGTCGGCTCA-1	Mac
TAGTTGGGTGGTACAG-1	Epithelial
TAGTTGGTCCAACCAA-1	CD1C
TAGTTGGTCCGCGCAA-1	CD1C
TAGTTGGTCTTGTATC-1	Mac
TATCAGGAGGGCTCTC-1	MDSC
TATCAGGAGGTGACCA-1	Mac
TATCAGGGTAGCCTCG-1	Epithelial
TATCTCAAGAACTGTA-1	Mac
TATCTCAAGATCCCGC-1	CD1C
TATCTCAGTCGTGGCT-1	ASDC
TATCTCAGTCTTCTCG-1	Tcell
TATCTCAGTTAAAGAC-1	Tcell
TATCTCAGTTGTGGCC-1	Mac
TATCTCATCCAATGGT-1	Mac
TATGCCCAGCCTATGT-1	Mac
TATGCCCAGTAGCCGA-1	Tcell
TATGCCCGTATAGGGC-1	Tcell
TATGCCCGTGCTCTTC-1	CLEC9A
TATTACCAGTCAAGGC-1	ASDC
TATTACCCACGAGAGT-1	Tcell
TATTACCGTGATGTCT-1	LC
TCAACGAGTATGCTTG-1	CD1C
TCAATCTAGTGGTAAT-1	Mac
TCAATCTCACCATCCT-1	Epithelial
TCAATCTTCTGGGCCA-1	Epithelial
TCACAAGAGTGGTAAT-1	CD1C
TCACAAGGTCACAAGG-1	Tcell
TCACAAGGTCTGCAAT-1	Epithelial
TCACAAGTCACGCGGT-1	CD1C
TCACAAGTCCTAGGGC-1	Epithelial
TCACGAAGTCAGAATA-1	ASDC
TCACGAAGTTAGGGTG-1	Epithelial
TCACGAAGTTGCGCAC-1	Mac
TCACGAAGTTGCTCCT-1	Tcell
TCACGAATCCTGCCAT-1	MDSC
TCAGATGAGGACAGCT-1	Mac
TCAGATGGTCAGATAA-1	Mac
TCAGATGTCAAACAAG-1	CD1C
TCAGCAAAGCTCCTTC-1	CD1C
TCAGCAAAGCTGCCCA-1	Mac
TCAGCAACAATAAGCA-1	CD1C
TCAGCAACAATGTAAG-1	Epithelial
TCAGCAACAGGGATTG-1	Epithelial
TCAGCAAGTCGCATCG-1	Mac
TCAGCTCGTACGCTGC-1	Epithelial
TCAGGATCAGTACACT-1	CD1C
TCAGGATTCTAGAGTC-1	CD1C
TCAGGTAAGATCTGAA-1	CD1C
TCAGGTAAGTTTAGGA-1	CD1C
TCAGGTACAGCTGTGC-1	CLEC9A
TCAGGTAGTTCCACTC-1	Mac
TCAGGTATCGTTGCCT-1	Mac
TCATTACAGACAGACC-1	Tcell
TCATTACAGCGTGAGT-1	Mac
TCATTACCAACGCACC-1	CD1C
TCATTACGTTGATTCG-1	Mac
TCATTACTCAGTTTGG-1	Epithelial
TCATTACTCCGATATG-1	Mac
TCATTACTCTCGCTTG-1	CD1C
TCATTTGGTGTGACCC-1	Epithelial
TCATTTGTCATGTAGC-1	Mac
TCATTTGTCGCCCTTA-1	ASDC
TCCACACAGATGCCAG-1	Mac
TCCACACAGCTAGGCA-1	CLEC9A
TCCACACAGTTCGCAT-1	Mac
TCCACACGTATGAATG-1	LC
TCCACACGTTCTGTTT-1	Epithelial
TCCCGATAGATGTTAG-1	CD1C
TCCCGATGTGTGAAAT-1	Mac
TCCCGATTCAGGCGAA-1	CLEC9A
TCGAGGCCAAGCCGTC-1	Epithelial
TCGAGGCCATTTCAGG-1	CD1C
TCGAGGCGTAAGTAGT-1	Mac
TCGAGGCGTACCAGTT-1	Mac
TCGAGGCGTAGCTCCG-1	CLEC9A
TCGAGGCGTCCGAACC-1	Mac
TCGAGGCTCTTTAGTC-1	Epithelial
TCGCGAGAGGCCCGTT-1	CD1C
TCGCGAGCAATGAATG-1	Tcell
TCGCGAGCACGACTCG-1	Tcell
TCGCGAGCATGTCCTC-1	CD1C
TCGCGAGTCCCAAGTA-1	PDC
TCGCGTTAGCTGGAAC-1	Mac
TCGCGTTCAAGGCTCC-1	Mac
TCGCGTTTCCTCATTA-1	Mac
TCGGGACAGCGACGTA-1	CD1C
TCGGGACAGTACGTTC-1	CLEC9A
TCGGGACCATTCACTT-1	Mac
TCGGGACTCCGTCAAA-1	Mac
TCGGTAACAGGGTATG-1	CD1C
TCGGTAAGTACTCGCG-1	CLEC9A
TCGGTAAGTCGATTGT-1	CLEC9A
TCGGTAATCACCACCT-1	CD1C
TCGTACCAGAAACGAG-1	CD1C
TCGTACCAGACAGAGA-1	Mac
TCGTACCCATCGGTTA-1	PDC
TCGTACCGTGGCTCCA-1	Epithelial
TCGTACCTCAACCAAC-1	Epithelial
TCGTACCTCGTTTATC-1	Epithelial
TCGTAGACAGTATAAG-1	CLEC9A
TCGTAGAGTTTACTCT-1	Tcell
TCTATTGAGTGAACGC-1	Epithelial
TCTATTGAGTGGTAAT-1	CD1C
TCTATTGGTTCTGTTT-1	Tcell
TCTATTGTCGTGGACC-1	ASDC
TCTCATAAGTGCGATG-1	Mac
TCTCATAAGTTTAGGA-1	Tcell
TCTCATAGTGCGCTTG-1	Tcell
TCTCATAGTGTGGCTC-1	Mac
TCTCATATCACTGGGC-1	CLEC9A
TCTCATATCAGCCTAA-1	CLEC9A
TCTCATATCCCTAACC-1	Multiplet
TCTCTAAAGAGCTTCT-1	Mac
TCTCTAACAAGCCGCT-1	Melanocyte
TCTCTAACATCTGGTA-1	Mac
TCTCTAACATTTCAGG-1	Mac
TCTCTAATCAGTGTTG-1	Mac
TCTCTAATCTGCTGCT-1	ASDC
TCTGAGAAGCCTATGT-1	MDSC
TCTGAGAAGTCCTCCT-1	CD1C
TCTGAGACATCCGTGG-1	CLEC9A
TCTGAGAGTGGCAAAC-1	ASDC
TCTGGAAAGAGTTGGC-1	Mac
TCTGGAAAGATGGGTC-1	CD1C
TCTGGAAAGCCGTCGT-1	Tcell
TCTGGAAAGCTTTGGT-1	Mac
TCTGGAAAGTCAAGGC-1	Mac
TCTGGAACATAACCTG-1	Mac
TCTGGAACATTCCTGC-1	Tcell
TCTTCGGAGAGGGCTT-1	Mac
TCTTCGGCACAGGCCT-1	Epithelial
TCTTCGGCACGACGAA-1	Tcell
TCTTCGGGTTTGGGCC-1	Mac
TCTTCGGTCATTGCGA-1	PDC
TCTTTCCCACAGATTC-1	CD1C
TCTTTCCCACATTAGC-1	Mac
TCTTTCCCAGGCGATA-1	CLEC9A
TCTTTCCGTCTCCATC-1	CD1C
TCTTTCCTCTGCAGTA-1	Multiplet
TGAAAGATCCACTGGG-1	CD1C
TGAAAGATCGGTCCGA-1	Mac
TGACAACCACATTAGC-1	Mac
TGACGGCAGACAGACC-1	Epithelial
TGACGGCAGGGTCGAT-1	Epithelial
TGACGGCCAAGTTCTG-1	Mac
TGACGGCGTAAATGTG-1	CD1C
TGACGGCGTCACCCAG-1	Mac
TGACGGCGTCGAGTTT-1	Epithelial
TGACTAGAGGGTCTCC-1	Tcell
TGACTAGCAAGTAGTA-1	Epithelial
TGACTAGGTCCTCTTG-1	ASDC
TGACTTTAGCGTCAAG-1	ASDC
TGACTTTAGGACAGAA-1	Melanocyte
TGACTTTCATCGGTTA-1	Mac
TGACTTTTCGAGAACG-1	MDSC
TGACTTTTCGCGGATC-1	Epithelial
TGACTTTTCTTGGGTA-1	Mac
TGAGAGGAGCTCCTCT-1	CD1C
TGAGAGGGTATTCGTG-1	Epithelial
TGAGAGGTCCTCATTA-1	CD1C
TGAGAGGTCGTGACAT-1	CD1C
TGAGCATAGCAAATCA-1	Epithelial
TGAGCATAGCTTATCG-1	Mac
TGAGCATGTACAGACG-1	Tcell
TGAGCATGTAGCAAAT-1	CD1C
TGAGCCGAGAAACCTA-1	Tcell
TGAGCCGAGGTGATTA-1	Mac
TGAGCCGCAGTCAGAG-1	Epithelial
TGAGCCGCATCCCACT-1	Epithelial
TGAGCCGGTCAAAGAT-1	Epithelial
TGAGCCGGTGGACGAT-1	Tcell
TGAGGGAAGATCGGGT-1	CD1C
TGAGGGACAATGGACG-1	CD1C
TGAGGGATCCTCCTAG-1	Epithelial
TGATTTCAGAACTCGG-1	Mac
TGATTTCCACCAGCAC-1	Mac
TGCACCTCAGACTCGC-1	Epithelial
TGCACCTCATTACCTT-1	CLEC9A
TGCACCTGTCTGGTCG-1	Mac
TGCCAAAAGCGTGAGT-1	MDSC
TGCCAAAGTCAGGACA-1	ASDC
TGCCAAAGTCGTCTTC-1	B_Cell
TGCCCATAGTCGTACT-1	Tcell
TGCCCATCACGCCAGT-1	Epithelial
TGCCCATCAGGTCTCG-1	Epithelial
TGCCCATGTCGATTGT-1	Epithelial
TGCCCATTCCGTACAA-1	Tcell
TGCCCATTCGTCACGG-1	Endothelial_Cell
TGCCCTACAATGTAAG-1	CD1C
TGCCCTACACCGAAAG-1	Epithelial
TGCCCTAGTAAGTGGC-1	Epithelial
TGCCCTAGTCATCCCT-1	Tcell
TGCCCTAGTCTCGTTC-1	Epithelial
TGCCCTAGTTCCATGA-1	CD1C
TGCCCTATCAAGGTAA-1	CD1C
TGCGCAGAGACAAGCC-1	Mac
TGCGCAGAGCGAAGGG-1	Tcell
TGCGCAGAGTACGCGA-1	CD1C
TGCGCAGAGTCGCCGT-1	Fibroblast
TGCGCAGCATATGGTC-1	Tcell
TGCGCAGGTCCGTTAA-1	LC
TGCGGGTAGACTACAA-1	Epithelial
TGCGGGTCACACAGAG-1	CLEC9A
TGCGGGTCACATAACC-1	LC
TGCGGGTGTCTTGCGG-1	ASDC
TGCGGGTGTTCTGAAC-1	Epithelial
TGCGTGGAGCCACCTG-1	Mac
TGCGTGGAGGGCTTCC-1	Epithelial
TGCGTGGCAATTCCTT-1	Mac
TGCGTGGGTTGCGTTA-1	Epithelial
TGCGTGGTCCAAACTG-1	Mac
TGCTACCAGTTTGCGT-1	ASDC
TGCTACCCAAGGACAC-1	Mac
TGCTGCTAGTGCCATT-1	ASDC
TGCTGCTCACCGAAAG-1	Epithelial
TGCTGCTCAGCTGTTA-1	CD1C
TGGACGCCAAGCCCAC-1	Mac
TGGACGCCACCATCCT-1	Endothelial_Cell
TGGACGCCAGGCTCAC-1	Mac
TGGACGCCAGGGTTAG-1	Multiplet
TGGACGCGTACTTAGC-1	CD1C
TGGACGCGTAGCCTAT-1	Mac
TGGACGCGTCGGCATC-1	Epithelial
TGGACGCGTTCCAACA-1	LC
TGGACGCGTTGATTCG-1	Multiplet
TGGACGCTCGAATCCA-1	Mac
TGGCCAGAGAGGGATA-1	CD1C
TGGCCAGCAGGTCGTC-1	CD1C
TGGCCAGCAGTCCTTC-1	Mac
TGGCCAGGTGAGGGAG-1	CLEC9A
TGGCGCAAGAACTGTA-1	Mac
TGGCGCACAGATGGCA-1	LC
TGGCGCACAGCTATTG-1	CLEC9A
TGGCGCAGTAAACGCG-1	CD1C
TGGCGCAGTTACAGAA-1	Mac
TGGCGCATCACAGTAC-1	ASDC
TGGCGCATCATGGTCA-1	Tcell
TGGCTGGAGAAACCGC-1	LC
TGGCTGGAGATAGTCA-1	CLEC9A
TGGGAAGAGTGGGATC-1	Tcell
TGGGAAGAGTTAACGA-1	CD1C
TGGGAAGCACAGGCCT-1	MDSC
TGGGAAGCACTAAGTC-1	LC
TGGGAAGGTCCGTCAG-1	Epithelial
TGGGAAGGTTGGAGGT-1	Mac
TGGGCGTGTGCAGGTA-1	Mac
TGGGCGTGTGCGCTTG-1	Mac
TGGGCGTTCAAAGTAG-1	Epithelial
TGGGCGTTCATCGATG-1	Tcell
TGGTTAGAGCGTAATA-1	Epithelial
TGGTTAGAGCTACCTA-1	CD1C
TGGTTAGCACCGATAT-1	Epithelial
TGGTTAGGTAAATGTG-1	Epithelial
TGGTTAGGTGCTAGCC-1	Mac
TGGTTAGGTTGATTGC-1	ASDC
TGGTTCCGTTTAGGAA-1	Mac
TGTATTCAGAATGTGT-1	Mac
TGTATTCAGTTGAGAT-1	Epithelial
TGTATTCCAGGACCCT-1	Mac
TGTATTCGTTACGCGC-1	Mac
TGTATTCTCCGGGTGT-1	CD1C
TGTCCCAAGAACAACT-1	Epithelial
TGTCCCAAGATCTGAA-1	Mac
TGTCCCAGTGCAACTT-1	Fibroblast
TGTGGTACAAGCCGTC-1	Mac
TGTGGTACAATGAAAC-1	Mac
TGTGGTACATGGGAAC-1	CLEC9A
TGTGGTAGTAAATACG-1	CD1C
TGTGGTATCGTTACGA-1	Mac
TGTGTTTAGTACATGA-1	Mac
TGTGTTTGTACTCTCC-1	Epithelial
TGTTCCGGTAAGAGAG-1	Mac
TGTTCCGGTAGCGCTC-1	Mac
TTAACTCAGAGTTGGC-1	Mac
TTAACTCGTTGTACAC-1	Epithelial
TTAACTCTCATAGCAC-1	Tcell
TTAGGACAGTGGAGAA-1	Mac
TTAGGACGTGTCTGAT-1	CLEC9A
TTAGGACGTTAAAGTG-1	MDSC
TTAGGCACAAGCCGCT-1	CD1C
TTAGGCACACACCGAC-1	Mac
TTAGGCACATGACATC-1	CD1C
TTAGGCAGTAGGCTGA-1	Mac
TTAGGCAGTCACAAGG-1	Mac
TTAGGCATCTTTAGTC-1	CD1C
TTAGTTCAGGATGGAA-1	CLEC9A
TTAGTTCGTGAAAGAG-1	CD1C
TTAGTTCGTTCGTGAT-1	CD1C
TTAGTTCTCAGTCCCT-1	Epithelial
TTATGCTCAACTTGAC-1	Mac
TTATGCTCAAGCCGCT-1	Epithelial
TTATGCTCACAAGTAA-1	LC
TTATGCTGTGACGGTA-1	CLEC9A
TTATGCTTCGTTTAGG-1	CD1C
TTATGCTTCTCACATT-1	Mac
TTCCCAGAGCTTTGGT-1	Epithelial
TTCGAAGAGATACACA-1	MDSC
TTCGAAGAGCTGTCTA-1	Mac
TTCGGTCAGCTCTCGG-1	Tcell
TTCGGTCCAGACGCCT-1	Mac
TTCGGTCGTAGCCTCG-1	Epithelial
TTCTACAAGAGCTATA-1	Tcell
TTCTACAAGCTGGAAC-1	CD1C
TTCTACATCATCATTC-1	Epithelial
TTCTACATCTCGGACG-1	Epithelial
TTCTACATCTCTGCTG-1	ASDC
TTCTCAAAGTACGACG-1	CLEC9A
TTCTCAATCACAATGC-1	Epithelial
TTCTCCTAGAAACGAG-1	CLEC9A
TTCTCCTCAAGGGTCA-1	CD1C
TTCTCCTCACCATGTA-1	LC
TTCTCCTCAGTCGTGC-1	Mac
TTCTCCTCATGCCCGA-1	CD1C
TTCTCCTGTCTCTTAT-1	CD1C
TTCTCCTTCGGAAATA-1	Epithelial
TTCTTAGCAATACGCT-1	Epithelial
TTCTTAGCACCCATTC-1	Epithelial
TTCTTAGCAGCTCGAC-1	Mac
TTCTTAGGTCCAACTA-1	Epithelial
TTCTTAGGTTCCACAA-1	Mac
TTGAACGAGGGTCTCC-1	Epithelial
TTGAACGCACCTGGTG-1	CD1C
TTGAACGCAGCTTCGG-1	CD1C
TTGAACGGTAAGGGAA-1	Mac
TTGAACGGTATGAAAC-1	Multiplet
TTGAACGTCCTGCCAT-1	CLEC9A
TTGAACGTCGCCATAA-1	Mac
TTGACTTAGATAGCAT-1	Mac
TTGACTTCACACCGAC-1	PDC
TTGACTTCAGCCACCA-1	Mac
TTGACTTGTATTACCG-1	CD1C
TTGACTTGTGCTAGCC-1	LC
TTGCCGTAGCTACCGC-1	PDC
TTGCGTCAGCGCCTCA-1	Mac
TTGCGTCCAGGGTACA-1	Mac
TTGCGTCTCATCGGAT-1	Tcell
TTGGAACAGTTCGCAT-1	Epithelial
TTGGAACCAAGGTTTC-1	LC
TTGGAACGTAAATGAC-1	Tcell
TTGGAACTCCTATGTT-1	ASDC
TTGGCAAAGCTGCGAA-1	Multiplet
TTGGCAACAAGAAAGG-1	Mac
TTGGCAACACCGATAT-1	Mac
TTGTAGGGTAATTGGA-1	CLEC9A
TTGTAGGGTTCATGGT-1	CD1C
TTTACTGAGACACGAC-1	Epithelial
TTTACTGAGATCTGCT-1	CLEC9A
TTTACTGCAATACGCT-1	Epithelial
TTTACTGCAGGATTGG-1	Epithelial
TTTACTGTCCGCATCT-1	LC
TTTACTGTCGCCAGCA-1	MDSC
TTTATGCGTAGCGTAG-1	CD1C
TTTATGCGTTCGAATC-1	Tcell
TTTCCTCAGGAGTAGA-1	CLEC9A
TTTCCTCGTTGTACAC-1	MDSC
TTTCCTCTCACTATTC-1	LC
TTTCCTCTCAGCTTAG-1	Tcell
TTTCCTCTCTAACCGA-1	Multiplet
TTTGCGCAGACCTTTG-1	Mac
TTTGCGCCACTATCTT-1	CD1C
TTTGCGCCATACCATG-1	Epithelial
TTTGCGCGTGTGAAAT-1	LC
TTTGCGCTCCGCAAGC-1	ASDC
TTTGCGCTCGAATGGG-1	Mac
TTTGTCAAGAGGTTGC-1	ASDC
TTTGTCAAGATATACG-1	CD1C
TTTGTCACAGGAACGT-1	Tcell
TTTGTCACATCCCACT-1	LC
TTTGTCATCAAACCAC-1	Tcell
